{"resourceType":"AllergyIntolerance","id":"noneknown","meta":{"profile":["http://hl7.org.au/fhir/core/StructureDefinition/au-core-allergyintolerance"]},"text":{"status":"generated","div":"<div xmlns=\"http://www.w3.org/1999/xhtml\"><p class=\"res-header-id\"><b>Generated Narrative: AllergyIntolerance noneknown</b></p><a name=\"noneknown\"> </a><a name=\"hcnoneknown\"> </a><div style=\"display: inline-block; background-color: #d9e0e7; padding: 6px; margin: 4px; border: 1px solid #8da1b4; border-radius: 5px; line-height: 60%\"><p style=\"margin-bottom: 0px\"/><p style=\"margin-bottom: 0px\">Profile: <a href=\"StructureDefinition-au-core-allergyintolerance.html\">AU Core AllergyIntolerance</a></p></div><p><b>clinicalStatus</b>: <span title=\"Codes:{http://terminology.hl7.org/CodeSystem/allergyintolerance-clinical active}\">Active</span></p><p><b>code</b>: <span title=\"Codes:{http://snomed.info/sct 716186003}\">No known allergy</span></p><p><b>patient</b>: <a href=\"Patient-wang-li.html\">Li Wang  Male, DoB: 1975-05-03 ( Medical Record Number:\u00a022421441)</a></p></div>"},"clinicalStatus":{"coding":[{"system":"http://terminology.hl7.org/CodeSystem/allergyintolerance-clinical","code":"active","display":"Active"}]},"code":{"coding":[{"system":"http://snomed.info/sct","code":"716186003","display":"No known allergy"}]},"patient":{"reference":"Patient/wang-li"}}