{"resourceType":"AllergyIntolerance","id":"penicillin","meta":{"profile":["http://hl7.org.au/fhir/core/StructureDefinition/au-core-allergyintolerance"]},"text":{"status":"generated","div":"<div xmlns=\"http://www.w3.org/1999/xhtml\"><p class=\"res-header-id\"><b>Generated Narrative: AllergyIntolerance penicillin</b></p><a name=\"penicillin\"> </a><a name=\"hcpenicillin\"> </a><div style=\"display: inline-block; background-color: #d9e0e7; padding: 6px; margin: 4px; border: 1px solid #8da1b4; border-radius: 5px; line-height: 60%\"><p style=\"margin-bottom: 0px\"/><p style=\"margin-bottom: 0px\">Profile: <a href=\"StructureDefinition-au-core-allergyintolerance.html\">AU Core AllergyIntolerance</a></p></div><p><b>clinicalStatus</b>: <span title=\"Codes:{http://terminology.hl7.org/CodeSystem/allergyintolerance-clinical active}\">Active</span></p><p><b>criticality</b>: High Risk</p><p><b>code</b>: <span title=\"Codes:{http://snomed.info/sct 764146007}\">Penicillin</span></p><p><b>patient</b>: <a href=\"Patient-howe-deangelo.html\">Deangelo HOWE  Male, DoB: 1975-06-21 ( IHI:\u00a0Austalian Healthcare Identifier - Individual#8003608000311621)</a></p><p><b>recordedDate</b>: 1999-08-25</p><p><b>note</b>: </p><blockquote><div><p>The criticality is high due to a documented episode of hives following penicillin administration.</p>\n</div></blockquote><h3>Reactions</h3><table class=\"grid\"><tr><td style=\"display: none\">-</td><td><b>Manifestation</b></td></tr><tr><td style=\"display: none\">*</td><td><span title=\"Codes:{http://snomed.info/sct 247472004}\">Hives</span></td></tr></table></div>"},"clinicalStatus":{"coding":[{"system":"http://terminology.hl7.org/CodeSystem/allergyintolerance-clinical","code":"active","display":"Active"}]},"criticality":"high","code":{"coding":[{"system":"http://snomed.info/sct","code":"764146007","display":"Penicillin"}]},"patient":{"reference":"Patient/howe-deangelo"},"recordedDate":"1999-08-25","note":[{"text":"The criticality is high due to a documented episode of hives following penicillin administration."}],"reaction":[{"manifestation":[{"coding":[{"system":"http://snomed.info/sct","code":"247472004","display":"Hives"}]}]}]}