{"resourceType":"AllergyIntolerance","id":"lactose","meta":{"profile":["http://hl7.org.au/fhir/core/StructureDefinition/au-core-allergyintolerance"]},"text":{"status":"generated","div":"<div xmlns=\"http://www.w3.org/1999/xhtml\"><p class=\"res-header-id\"><b>Generated Narrative: AllergyIntolerance lactose</b></p><a name=\"lactose\"> </a><a name=\"hclactose\"> </a><div style=\"display: inline-block; background-color: #d9e0e7; padding: 6px; margin: 4px; border: 1px solid #8da1b4; border-radius: 5px; line-height: 60%\"><p style=\"margin-bottom: 0px\"/><p style=\"margin-bottom: 0px\">Profile: <a href=\"StructureDefinition-au-core-allergyintolerance.html\">AU Core AllergyIntolerance</a></p></div><p><b>clinicalStatus</b>: <span title=\"Codes:{http://terminology.hl7.org/CodeSystem/allergyintolerance-clinical active}\">Active</span></p><p><b>verificationStatus</b>: <span title=\"Codes:{http://terminology.hl7.org/CodeSystem/allergyintolerance-verification confirmed}\">Confirmed</span></p><p><b>code</b>: <span title=\"Codes:{http://snomed.info/sct 782415009}\">Intolerance to lactose</span></p><p><b>patient</b>: <a href=\"Patient-banks-mia-leanne.html\">Mia Leanne Banks  Female, DoB: 1983-08-25 ( IHI:\u00a0Austalian Healthcare Identifier - Individual#8003608333647261)</a></p><p><b>onset</b>: 2022</p><p><b>recordedDate</b>: 2023-03-14</p><p><b>recorder</b>: <a href=\"PractitionerRole-bobrester-bob-gp.html\">PractitionerRole General practitioner</a></p><blockquote><p><b>reaction</b></p><p><b>manifestation</b>: <span title=\"Codes:{http://snomed.info/sct 21522001}\">Abdominal pain</span>, <span title=\"Codes:{http://snomed.info/sct 116289008}\">Abdominal bloating</span>, <span title=\"Codes:{http://snomed.info/sct 62315008}\">Diarrhoea</span></p><p><b>severity</b>: Mild</p></blockquote></div>"},"clinicalStatus":{"coding":[{"system":"http://terminology.hl7.org/CodeSystem/allergyintolerance-clinical","code":"active","display":"Active"}]},"verificationStatus":{"coding":[{"system":"http://terminology.hl7.org/CodeSystem/allergyintolerance-verification","code":"confirmed","display":"Confirmed"}]},"code":{"coding":[{"system":"http://snomed.info/sct","code":"782415009","display":"Intolerance to lactose"}]},"patient":{"reference":"Patient/banks-mia-leanne"},"onsetDateTime":"2022","recordedDate":"2023-03-14","recorder":{"reference":"PractitionerRole/bobrester-bob-gp"},"reaction":[{"manifestation":[{"coding":[{"system":"http://snomed.info/sct","code":"21522001","display":"Abdominal pain"}]},{"coding":[{"system":"http://snomed.info/sct","code":"116289008","display":"Abdominal bloating"}]},{"coding":[{"system":"http://snomed.info/sct","code":"62315008","display":"Diarrhoea"}]}],"severity":"mild"}]}