{"resourceType":"Condition","id":"uti","meta":{"profile":["http://hl7.org.au/fhir/core/StructureDefinition/au-core-condition"]},"text":{"status":"generated","div":"<div xmlns=\"http://www.w3.org/1999/xhtml\"><p class=\"res-header-id\"><b>Generated Narrative: Condition uti</b></p><a name=\"uti\"> </a><a name=\"hcuti\"> </a><div style=\"display: inline-block; background-color: #d9e0e7; padding: 6px; margin: 4px; border: 1px solid #8da1b4; border-radius: 5px; line-height: 60%\"><p style=\"margin-bottom: 0px\"/><p style=\"margin-bottom: 0px\">Profile: <a href=\"StructureDefinition-au-core-condition.html\">AU Core Condition</a></p></div><p><b>clinicalStatus</b>: <span title=\"Codes:{http://terminology.hl7.org/CodeSystem/condition-clinical resolved}\">Resolved</span></p><p><b>verificationStatus</b>: <span title=\"Codes:{http://terminology.hl7.org/CodeSystem/condition-ver-status confirmed}\">Confirmed</span></p><p><b>category</b>: <span title=\"Codes:{http://terminology.hl7.org/CodeSystem/condition-category problem-list-item}\">Problem List Item</span></p><p><b>severity</b>: <span title=\"Codes:{http://snomed.info/sct 24484000}\">Severe</span></p><p><b>code</b>: <span title=\"Codes:{http://snomed.info/sct 68566005}\">Urinary tract infection</span></p><p><b>subject</b>: <a href=\"Patient-banks-mia-leanne.html\">Mia Leanne Banks  Female, DoB: 1983-08-25 ( IHI:\u00a0Austalian Healthcare Identifier - Individual#8003608333647261)</a></p><p><b>onset</b>: 2020-05-10</p><p><b>abatement</b>: 2020-05-24</p></div>"},"clinicalStatus":{"coding":[{"system":"http://terminology.hl7.org/CodeSystem/condition-clinical","code":"resolved","display":"Resolved"}]},"verificationStatus":{"coding":[{"system":"http://terminology.hl7.org/CodeSystem/condition-ver-status","code":"confirmed","display":"Confirmed"}]},"category":[{"coding":[{"system":"http://terminology.hl7.org/CodeSystem/condition-category","code":"problem-list-item","display":"Problem List Item"}]}],"severity":{"coding":[{"system":"http://snomed.info/sct","code":"24484000","display":"Severe"}]},"code":{"coding":[{"system":"http://snomed.info/sct","code":"68566005","display":"Urinary tract infection"}]},"subject":{"reference":"Patient/banks-mia-leanne"},"onsetDateTime":"2020-05-10","abatementDateTime":"2020-05-24"}