{"resourceType":"Condition","id":"ckd","meta":{"profile":["http://hl7.org.au/fhir/core/StructureDefinition/au-core-condition"]},"text":{"status":"generated","div":"<div xmlns=\"http://www.w3.org/1999/xhtml\"><p class=\"res-header-id\"><b>Generated Narrative: Condition ckd</b></p><a name=\"ckd\"> </a><a name=\"hcckd\"> </a><div style=\"display: inline-block; background-color: #d9e0e7; padding: 6px; margin: 4px; border: 1px solid #8da1b4; border-radius: 5px; line-height: 60%\"><p style=\"margin-bottom: 0px\"/><p style=\"margin-bottom: 0px\">Profile: <a href=\"StructureDefinition-au-core-condition.html\">AU Core Condition</a></p></div><p><b>clinicalStatus</b>: <span title=\"Codes:{http://terminology.hl7.org/CodeSystem/condition-clinical active}\">Active</span></p><p><b>verificationStatus</b>: <span title=\"Codes:{http://terminology.hl7.org/CodeSystem/condition-ver-status confirmed}\">Confirmed</span></p><p><b>category</b>: <span title=\"Codes:{http://terminology.hl7.org/CodeSystem/condition-category problem-list-item}\">Problem</span></p><p><b>code</b>: <span title=\"Codes:{http://snomed.info/sct 709044004}\">Chronic kidney disease</span></p><p><b>subject</b>: <a href=\"Patient-ronny-irvine.html\">Ronny Lawrence Irvine  Male, DoB:  ( DVA Number:\u00a0QX827261)</a></p><p><b>onset</b>: 52 years<span style=\"background: LightGoldenRodYellow\"> (Details: UCUM  codea = 'a')</span></p><p><b>recordedDate</b>: 2018-12-01</p><h3>Evidences</h3><table class=\"grid\"><tr><td style=\"display: none\">-</td><td><b>Detail</b></td></tr><tr><td style=\"display: none\">*</td><td><a href=\"Procedure-dialysis.html\">Patient receives regular dialysis</a></td></tr></table></div>"},"clinicalStatus":{"coding":[{"system":"http://terminology.hl7.org/CodeSystem/condition-clinical","code":"active","display":"Active"}],"text":"Active"},"verificationStatus":{"coding":[{"system":"http://terminology.hl7.org/CodeSystem/condition-ver-status","code":"confirmed"}]},"category":[{"coding":[{"system":"http://terminology.hl7.org/CodeSystem/condition-category","code":"problem-list-item","display":"Problem List Item"}],"text":"Problem"}],"code":{"coding":[{"system":"http://snomed.info/sct","code":"709044004","display":"Chronic kidney disease"}]},"subject":{"reference":"Patient/ronny-irvine"},"onsetAge":{"value":52,"unit":"years","system":"http://unitsofmeasure.org","code":"a"},"recordedDate":"2018-12-01","evidence":[{"detail":[{"reference":"Procedure/dialysis","display":"Patient receives regular dialysis"}]}]}