{"resourceType":"Condition","id":"noknown","meta":{"profile":["http://hl7.org.au/fhir/core/StructureDefinition/au-core-condition"]},"text":{"status":"generated","div":"<div xmlns=\"http://www.w3.org/1999/xhtml\"><p class=\"res-header-id\"><b>Generated Narrative: Condition noknown</b></p><a name=\"noknown\"> </a><a name=\"hcnoknown\"> </a><div style=\"display: inline-block; background-color: #d9e0e7; padding: 6px; margin: 4px; border: 1px solid #8da1b4; border-radius: 5px; line-height: 60%\"><p style=\"margin-bottom: 0px\"/><p style=\"margin-bottom: 0px\">Profile: <a href=\"StructureDefinition-au-core-condition.html\">AU Core Condition</a></p></div><p><b>clinicalStatus</b>: <span title=\"Codes:{http://terminology.hl7.org/CodeSystem/condition-clinical active}\">Active</span></p><p><b>category</b>: <span title=\"Codes:{http://terminology.hl7.org/CodeSystem/condition-category problem-list-item}\">Problem List Item</span></p><p><b>code</b>: <span title=\"Codes:{http://snomed.info/sct 160245001}\">No current problems or disability</span></p><p><b>subject</b>: <a href=\"Patient-howe-deangelo.html\">Deangelo HOWE  Male, DoB: 1975-06-21 ( IHI:\u00a0Austalian Healthcare Identifier - Individual#8003608000311621)</a></p><p><b>recordedDate</b>: 2020-12-21</p></div>"},"clinicalStatus":{"coding":[{"system":"http://terminology.hl7.org/CodeSystem/condition-clinical","code":"active","display":"Active"}]},"category":[{"coding":[{"system":"http://terminology.hl7.org/CodeSystem/condition-category","code":"problem-list-item","display":"Problem List Item"}]}],"code":{"coding":[{"system":"http://snomed.info/sct","code":"160245001","display":"No current problems or disability"}]},"subject":{"reference":"Patient/howe-deangelo"},"recordedDate":"2020-12-21"}