{"resourceType":"Condition","id":"condition-masked","meta":{"profile":["http://hl7.org.au/fhir/core/StructureDefinition/au-core-condition"]},"text":{"status":"generated","div":"<div xmlns=\"http://www.w3.org/1999/xhtml\"><p class=\"res-header-id\"><b>Generated Narrative: Condition condition-masked</b></p><a name=\"condition-masked\"> </a><a name=\"hccondition-masked\"> </a><div style=\"display: inline-block; background-color: #d9e0e7; padding: 6px; margin: 4px; border: 1px solid #8da1b4; border-radius: 5px; line-height: 60%\"><p style=\"margin-bottom: 0px\"/><p style=\"margin-bottom: 0px\">Profile: <a href=\"StructureDefinition-au-core-condition.html\">AU Core Condition</a></p></div><p><b>clinicalStatus</b>: <span title=\"Codes:{http://terminology.hl7.org/CodeSystem/condition-clinical active}\">Active</span></p><p><b>category</b>: <span title=\"Codes:{http://terminology.hl7.org/CodeSystem/data-absent-reason masked}\">Masked</span></p><p><b>code</b>: <span title=\"Codes:{http://terminology.hl7.org/CodeSystem/data-absent-reason masked}\">Masked</span></p><p><b>subject</b>: <a href=\"Patient-bennelong-anne.html\">Anne Bennelong</a></p></div>"},"clinicalStatus":{"coding":[{"system":"http://terminology.hl7.org/CodeSystem/condition-clinical","code":"active"}]},"category":[{"coding":[{"system":"http://terminology.hl7.org/CodeSystem/data-absent-reason","code":"masked"}]}],"code":{"coding":[{"system":"http://terminology.hl7.org/CodeSystem/data-absent-reason","code":"masked"}]},"subject":{"reference":"Patient/bennelong-anne","display":"Anne Bennelong"}}