{"resourceType":"Encounter","id":"discharge-1","meta":{"profile":["http://hl7.org.au/fhir/core/StructureDefinition/au-core-encounter"]},"text":{"status":"generated","div":"<div xmlns=\"http://www.w3.org/1999/xhtml\"><p class=\"res-header-id\"><b>Generated Narrative: Encounter discharge-1</b></p><a name=\"discharge-1\"> </a><a name=\"hcdischarge-1\"> </a><div style=\"display: inline-block; background-color: #d9e0e7; padding: 6px; margin: 4px; border: 1px solid #8da1b4; border-radius: 5px; line-height: 60%\"><p style=\"margin-bottom: 0px\"/><p style=\"margin-bottom: 0px\">Profile: <a href=\"StructureDefinition-au-core-encounter.html\">AU Core Encounter</a></p></div><p><b>status</b>: Finished</p><p><b>class</b>: <a href=\"http://terminology.hl7.org/7.0.0/CodeSystem-v3-ActCode.html#v3-ActCode-EMER\">ActCode: EMER</a> (emergency)</p><p><b>subject</b>: <a href=\"Patient-ronny-irvine.html\">Ronny Lawrence Irvine  Male, DoB:  ( DVA Number:\u00a0QX827261)</a></p><p><b>period</b>: 2023-02-20 06:15:00+1000 --&gt; 2023-02-20 18:19:00+1000</p><h3>Locations</h3><table class=\"grid\"><tr><td style=\"display: none\">-</td><td><b>Location</b></td></tr><tr><td style=\"display: none\">*</td><td><a href=\"Location-murrabit-hospital.html\">Location Murrabit Public Hospital</a></td></tr></table><p><b>serviceProvider</b>: <a href=\"Organization-murrabit-hospital.html\">Organization Murrabit Public Hospital</a></p></div>"},"status":"finished","class":{"system":"http://terminology.hl7.org/CodeSystem/v3-ActCode","code":"EMER","display":"emergency"},"subject":{"reference":"Patient/ronny-irvine"},"period":{"start":"2023-02-20T06:15:00+10:00","end":"2023-02-20T18:19:00+10:00"},"location":[{"location":{"reference":"Location/murrabit-hospital"}}],"serviceProvider":{"reference":"Organization/murrabit-hospital"}}