{"resourceType":"Encounter","id":"covid-admin-1","meta":{"profile":["http://hl7.org.au/fhir/core/StructureDefinition/au-core-encounter"]},"text":{"status":"generated","div":"<div xmlns=\"http://www.w3.org/1999/xhtml\"><p class=\"res-header-id\"><b>Generated Narrative: Encounter covid-admin-1</b></p><a name=\"covid-admin-1\"> </a><a name=\"hccovid-admin-1\"> </a><div style=\"display: inline-block; background-color: #d9e0e7; padding: 6px; margin: 4px; border: 1px solid #8da1b4; border-radius: 5px; line-height: 60%\"><p style=\"margin-bottom: 0px\"/><p style=\"margin-bottom: 0px\">Profile: <a href=\"StructureDefinition-au-core-encounter.html\">AU Core Encounter</a></p></div><p><b>status</b>: Finished</p><p><b>class</b>: <a href=\"http://terminology.hl7.org/7.0.0/CodeSystem-v3-ActCode.html#v3-ActCode-AMB\">ActCode: AMB</a> (ambulatory)</p><p><b>serviceType</b>: <span title=\"Codes:{http://snomed.info/sct 1575161000168105}\">COVID-19 vaccination service</span></p><p><b>subject</b>: <a href=\"Patient-bennelong-anne.html\">Mrs. Anne Mary Bennelong(official) Female, DoB: 1968-10-11 ( Medical record number)</a></p><h3>Participants</h3><table class=\"grid\"><tr><td style=\"display: none\">-</td><td><b>Type</b></td><td><b>Individual</b></td></tr><tr><td style=\"display: none\">*</td><td><span title=\"Codes:{http://terminology.hl7.org/CodeSystem/v3-ParticipationType PPRF}\">primary performer</span></td><td><a href=\"PractitionerRole-bobrester-bob-gp.html\">PractitionerRole General practitioner</a></td></tr></table><p><b>period</b>: 2021-06-17 09:20:00+1000 --&gt; 2021-06-17 09:35:00+1000</p><p><b>serviceProvider</b>: <a href=\"Organization-bobrester-medical-center.html\">Organization Bobrester Medical Center</a></p></div>"},"status":"finished","class":{"system":"http://terminology.hl7.org/CodeSystem/v3-ActCode","code":"AMB","display":"ambulatory"},"serviceType":{"coding":[{"system":"http://snomed.info/sct","code":"1575161000168105","display":"COVID-19 vaccination service"}]},"subject":{"reference":"Patient/bennelong-anne","identifier":{"type":{"coding":[{"system":"http://terminology.hl7.org/CodeSystem/v2-0203","code":"MR"}]},"system":"http://mossypointmc.example.com/mrn/","value":"872038020","assigner":{"display":"Albion Hospital"}}},"participant":[{"type":[{"coding":[{"system":"http://terminology.hl7.org/CodeSystem/v3-ParticipationType","code":"PPRF","display":"primary performer"}]}],"individual":{"reference":"PractitionerRole/bobrester-bob-gp","identifier":{"type":{"coding":[{"system":"http://terminology.hl7.org/CodeSystem/v2-0203","code":"EI","display":"Employee number"}],"text":"Employee Number"},"system":"http://ns.electronichealth.net.au/id/abn-scoped/service-provider-individual/1.0/12345678901","value":"12345678","assigner":{"display":"Bobrester Medical Center"}}}}],"period":{"start":"2021-06-17T09:20:00+10:00","end":"2021-06-17T09:35:00+10:00"},"serviceProvider":{"reference":"Organization/bobrester-medical-center"}}