{"resourceType":"Encounter","id":"telehealth","meta":{"profile":["http://hl7.org.au/fhir/core/StructureDefinition/au-core-encounter"]},"text":{"status":"generated","div":"<div xmlns=\"http://www.w3.org/1999/xhtml\"><p class=\"res-header-id\"><b>Generated Narrative: Encounter telehealth</b></p><a name=\"telehealth\"> </a><a name=\"hctelehealth\"> </a><div style=\"display: inline-block; background-color: #d9e0e7; padding: 6px; margin: 4px; border: 1px solid #8da1b4; border-radius: 5px; line-height: 60%\"><p style=\"margin-bottom: 0px\"/><p style=\"margin-bottom: 0px\">Profile: <a href=\"StructureDefinition-au-core-encounter.html\">AU Core Encounter</a></p></div><p><b>status</b>: Finished</p><p><b>class</b>: <a href=\"http://terminology.hl7.org/7.0.0/CodeSystem-v3-ActCode.html#v3-ActCode-VR\">ActCode: VR</a> (virtual)</p><p><b>type</b>: <span title=\"Codes:{http://snomed.info/sct 1479961000168103}\">Telehealth encounter</span></p><p><b>serviceType</b>: <span title=\"Codes:{http://snomed.info/sct 788007007}\">General practice service</span></p><p><b>subject</b>: <a href=\"Patient-bennelong-anne.html\">Mrs. Anne Mary Bennelong(official) Female, DoB: 1968-10-11 ( Medical record number)</a></p><h3>Participants</h3><table class=\"grid\"><tr><td style=\"display: none\">-</td><td><b>Type</b></td><td><b>Individual</b></td></tr><tr><td style=\"display: none\">*</td><td><span title=\"Codes:{http://terminology.hl7.org/CodeSystem/v3-ParticipationType PPRF}\">primary performer</span></td><td><a href=\"PractitionerRole-bobrester-bob-gp.html\">PractitionerRole General practitioner</a></td></tr></table><p><b>period</b>: 2023-02-10 11:20:00+1000 --&gt; 2023-02-10 11:35:00+1000</p><h3>Locations</h3><table class=\"grid\"><tr><td style=\"display: none\">-</td><td><b>Location</b></td></tr><tr><td style=\"display: none\">*</td><td><a href=\"Location-patient-home.html\">Location Patient's home</a></td></tr></table><p><b>serviceProvider</b>: <a href=\"Organization-bobrester-medical-center.html\">Organization Bobrester Medical Center</a></p></div>"},"status":"finished","class":{"system":"http://terminology.hl7.org/CodeSystem/v3-ActCode","code":"VR","display":"virtual"},"type":[{"coding":[{"system":"http://snomed.info/sct","code":"1479961000168103","display":"Telehealth encounter"}]}],"serviceType":{"coding":[{"system":"http://snomed.info/sct","code":"788007007","display":"General practice service"}]},"subject":{"reference":"Patient/bennelong-anne"},"participant":[{"type":[{"coding":[{"system":"http://terminology.hl7.org/CodeSystem/v3-ParticipationType","code":"PPRF"}]}],"individual":{"reference":"PractitionerRole/bobrester-bob-gp"}}],"period":{"start":"2023-02-10T11:20:00+10:00","end":"2023-02-10T11:35:00+10:00"},"location":[{"location":{"reference":"Location/patient-home"}}],"serviceProvider":{"reference":"Organization/bobrester-medical-center"}}