{"resourceType":"HealthcareService","id":"physiotherapy","meta":{"profile":["http://hl7.org.au/fhir/core/StructureDefinition/au-core-healthcareservice"]},"text":{"status":"generated","div":"<div xmlns=\"http://www.w3.org/1999/xhtml\"><p class=\"res-header-id\"><b>Generated Narrative: HealthcareService physiotherapy</b></p><a name=\"physiotherapy\"> </a><a name=\"hcphysiotherapy\"> </a><div style=\"display: inline-block; background-color: #d9e0e7; padding: 6px; margin: 4px; border: 1px solid #8da1b4; border-radius: 5px; line-height: 60%\"><p style=\"margin-bottom: 0px\"/><p style=\"margin-bottom: 0px\">Profile: <a href=\"StructureDefinition-au-core-healthcareservice.html\">AU Core HealthcareService</a></p></div><p><b>type</b>: <span title=\"Codes:{http://snomed.info/sct 722140001}\">Physiotherapy service</span></p><p><b>name</b>: CoreStrength Physiotherapy</p><p><b>telecom</b>: ph: 0755504444(Work), <a href=\"mailto:reception@corestrength.example.org.\">reception@corestrength.example.org.</a></p></div>"},"type":[{"coding":[{"system":"http://snomed.info/sct","code":"722140001","display":"Physiotherapy service"}]}],"name":"CoreStrength Physiotherapy","telecom":[{"system":"phone","value":"0755504444","use":"work"},{"system":"email","value":"reception@corestrength.example.org.","use":"work"}]}