{"resourceType":"HealthcareService","id":"murrabit-crisis-hotline","meta":{"profile":["http://hl7.org.au/fhir/core/StructureDefinition/au-core-healthcareservice"]},"text":{"status":"generated","div":"<div xmlns=\"http://www.w3.org/1999/xhtml\"><p class=\"res-header-id\"><b>Generated Narrative: HealthcareService murrabit-crisis-hotline</b></p><a name=\"murrabit-crisis-hotline\"> </a><a name=\"hcmurrabit-crisis-hotline\"> </a><div style=\"display: inline-block; background-color: #d9e0e7; padding: 6px; margin: 4px; border: 1px solid #8da1b4; border-radius: 5px; line-height: 60%\"><p style=\"margin-bottom: 0px\"/><p style=\"margin-bottom: 0px\">Profile: <a href=\"StructureDefinition-au-core-healthcareservice.html\">AU Core HealthcareService</a></p></div><p><b>identifier</b>: <code>http://pca.digitalhealth.gov.au/id/pca-healthcare-service</code>/4d00ad2659cb4b54bd8028798af62631</p><p><b>type</b>: <span title=\"Codes:{http://snomed.info/sct 1244561000168107}\">Crisis counselling</span>, <span title=\"Codes:{http://snomed.info/sct 310026003}\">Counselling service</span></p><p><b>name</b>: Murrabit Crisis Hotline</p><p><b>telecom</b>: ph: 1800975708</p></div>"},"identifier":[{"system":"http://pca.digitalhealth.gov.au/id/pca-healthcare-service","value":"4d00ad2659cb4b54bd8028798af62631"}],"type":[{"coding":[{"system":"http://snomed.info/sct","code":"1244561000168107","display":"Crisis counselling"}]},{"coding":[{"system":"http://snomed.info/sct","code":"310026003","display":"Counselling service"}]}],"name":"Murrabit Crisis Hotline","telecom":[{"system":"phone","value":"1800975708"}]}