{"resourceType":"Immunization","id":"zoster-notgiven","meta":{"profile":["http://hl7.org.au/fhir/core/StructureDefinition/au-core-immunization"]},"text":{"status":"generated","div":"<div xmlns=\"http://www.w3.org/1999/xhtml\"><p class=\"res-header-id\"><b>Generated Narrative: Immunization zoster-notgiven</b></p><a name=\"zoster-notgiven\"> </a><a name=\"hczoster-notgiven\"> </a><div style=\"display: inline-block; background-color: #d9e0e7; padding: 6px; margin: 4px; border: 1px solid #8da1b4; border-radius: 5px; line-height: 60%\"><p style=\"margin-bottom: 0px\"/><p style=\"margin-bottom: 0px\">Profile: <a href=\"StructureDefinition-au-core-immunization.html\">AU Core Immunization</a></p></div><p><b>status</b>: Not Done</p><p><b>vaccineCode</b>: <span title=\"Codes:{http://snomed.info/sct 830851000168105}\">Varicella-zoster live vaccine</span></p><p><b>patient</b>: <a href=\"Patient-howe-deangelo.html\">Deangelo HOWE</a></p><p><b>occurrence</b>: 2017-08-15</p><p><b>primarySource</b>: true</p><p><b>note</b>: </p><blockquote><div><p>Patient refused administration of Zostavax</p>\n</div></blockquote></div>"},"status":"not-done","vaccineCode":{"coding":[{"system":"http://snomed.info/sct","code":"830851000168105","display":"Varicella-zoster live vaccine"}]},"patient":{"reference":"Patient/howe-deangelo","display":"Deangelo HOWE"},"occurrenceDateTime":"2017-08-15","primarySource":true,"note":[{"text":"Patient refused administration of Zostavax"}]}