{"resourceType":"Immunization","id":"covid-1","meta":{"profile":["http://hl7.org.au/fhir/core/StructureDefinition/au-core-immunization"]},"text":{"status":"generated","div":"<div xmlns=\"http://www.w3.org/1999/xhtml\"><p class=\"res-header-id\"><b>Generated Narrative: Immunization covid-1</b></p><a name=\"covid-1\"> </a><a name=\"hccovid-1\"> </a><div style=\"display: inline-block; background-color: #d9e0e7; padding: 6px; margin: 4px; border: 1px solid #8da1b4; border-radius: 5px; line-height: 60%\"><p style=\"margin-bottom: 0px\"/><p style=\"margin-bottom: 0px\">Profile: <a href=\"StructureDefinition-au-core-immunization.html\">AU Core Immunization</a></p></div><p><b>status</b>: Completed</p><p><b>vaccineCode</b>: <span title=\"Codes:{https://www.humanservices.gov.au/organisations/health-professionals/enablers/air-vaccine-code-formats COMIRN}, {http://snomed.info/sct 1525011000168107}\">Pfizer Comirnaty</span></p><p><b>patient</b>: <a href=\"Patient-bennelong-anne.html\">Mrs. Anne Mary Bennelong(official) Female, DoB: 1968-10-11 ( Medical record number)</a></p><p><b>encounter</b>: <a href=\"Encounter-covid-admin-1.html\">Encounter: status = finished; class = ambulatory (ActCode#AMB); serviceType = COVID-19 vaccination service; period = 2021-06-17 09:20:00+1000 --&gt; 2021-06-17 09:35:00+1000</a></p><p><b>occurrence</b>: 2021-06-17</p><p><b>recorded</b>: 2021-06-17</p><p><b>primarySource</b>: true</p><p><b>location</b>: <a href=\"Location-bobrester-medical-center.html\">Location Tindal Building</a></p><p><b>manufacturer</b>: Pfizer Australia Ltd</p><p><b>lotNumber</b>: 200000000P</p><p><b>site</b>: <span title=\"Codes:{http://snomed.info/sct 368208006}\">Left upper arm</span></p></div>"},"status":"completed","vaccineCode":{"coding":[{"system":"https://www.humanservices.gov.au/organisations/health-professionals/enablers/air-vaccine-code-formats","code":"COMIRN"},{"system":"http://snomed.info/sct","code":"1525011000168107","display":"Comirnaty"}],"text":"Pfizer Comirnaty"},"patient":{"reference":"Patient/bennelong-anne"},"encounter":{"reference":"Encounter/covid-admin-1"},"occurrenceDateTime":"2021-06-17","recorded":"2021-06-17","primarySource":true,"location":{"reference":"Location/bobrester-medical-center"},"manufacturer":{"display":"Pfizer Australia Ltd"},"lotNumber":"200000000P","site":{"coding":[{"system":"http://snomed.info/sct","code":"368208006","display":"Structure of left upper arm"}],"text":"Left upper arm"}}