{"resourceType":"Location","id":"murrabit-hospital","meta":{"profile":["http://hl7.org.au/fhir/core/StructureDefinition/au-core-location"]},"text":{"status":"generated","div":"<div xmlns=\"http://www.w3.org/1999/xhtml\"><p class=\"res-header-id\"><b>Generated Narrative: Location murrabit-hospital</b></p><a name=\"murrabit-hospital\"> </a><a name=\"hcmurrabit-hospital\"> </a><div style=\"display: inline-block; background-color: #d9e0e7; padding: 6px; margin: 4px; border: 1px solid #8da1b4; border-radius: 5px; line-height: 60%\"><p style=\"margin-bottom: 0px\"/><p style=\"margin-bottom: 0px\">Profile: <a href=\"StructureDefinition-au-core-location.html\">AU Core Location</a></p></div><p><b>name</b>: Murrabit Public Hospital</p><p><b>type</b>: <span title=\"Codes:{http://terminology.hl7.org/CodeSystem/v3-RoleCode HOSP}, {http://snomed.info/sct 22232009}\">Hospital</span></p><p><b>telecom</b>: ph: (03) 5550 3333</p><p><b>address</b>: 144 Central Gdns Murrabit VIC 3579 AU </p><p><b>physicalType</b>: <span title=\"Codes:{http://terminology.hl7.org/CodeSystem/location-physical-type si}\">Site</span></p></div>"},"name":"Murrabit Public Hospital","type":[{"coding":[{"system":"http://terminology.hl7.org/CodeSystem/v3-RoleCode","code":"HOSP","display":"Hospital"},{"system":"http://snomed.info/sct","code":"22232009","display":"Hospital"}]}],"telecom":[{"system":"phone","value":"(03) 5550 3333"}],"address":{"line":["144 Central Gdns"],"city":"Murrabit","state":"VIC","postalCode":"3579","country":"AU"},"physicalType":{"coding":[{"system":"http://terminology.hl7.org/CodeSystem/location-physical-type","code":"si","display":"Site"}]}}