{"resourceType":"Location","id":"patient-home","meta":{"profile":["http://hl7.org.au/fhir/core/StructureDefinition/au-core-location"]},"text":{"status":"generated","div":"<div xmlns=\"http://www.w3.org/1999/xhtml\"><p class=\"res-header-id\"><b>Generated Narrative: Location patient-home</b></p><a name=\"patient-home\"> </a><a name=\"hcpatient-home\"> </a><div style=\"display: inline-block; background-color: #d9e0e7; padding: 6px; margin: 4px; border: 1px solid #8da1b4; border-radius: 5px; line-height: 60%\"><p style=\"margin-bottom: 0px\"/><p style=\"margin-bottom: 0px\">Profile: <a href=\"StructureDefinition-au-core-location.html\">AU Core Location</a></p></div><p><b>status</b>: Active</p><p><b>name</b>: Patient's home</p><p><b>mode</b>: Kind</p><p><b>type</b>: <span title=\"Codes:{http://terminology.hl7.org/CodeSystem/v3-RoleCode PTRES}, {http://snomed.info/sct 394778007}\">Patient's Residence</span></p><p><b>physicalType</b>: <span title=\"Codes:{http://terminology.hl7.org/CodeSystem/location-physical-type ho}\">House</span></p></div>"},"status":"active","name":"Patient's home","mode":"kind","type":[{"coding":[{"system":"http://terminology.hl7.org/CodeSystem/v3-RoleCode","code":"PTRES","display":"Patient's Residence"},{"system":"http://snomed.info/sct","code":"394778007","display":"Client's or patient's home"}]}],"physicalType":{"coding":[{"system":"http://terminology.hl7.org/CodeSystem/location-physical-type","code":"ho","display":"House"}]}}