{"resourceType":"MedicationStatement","id":"completed-chloramphenicol","meta":{"profile":["http://hl7.org.au/fhir/core/StructureDefinition/au-core-medicationstatement"]},"text":{"status":"generated","div":"<div xmlns=\"http://www.w3.org/1999/xhtml\"><p class=\"res-header-id\"><b>Generated Narrative: MedicationStatement completed-chloramphenicol</b></p><a name=\"completed-chloramphenicol\"> </a><a name=\"hccompleted-chloramphenicol\"> </a><div style=\"display: inline-block; background-color: #d9e0e7; padding: 6px; margin: 4px; border: 1px solid #8da1b4; border-radius: 5px; line-height: 60%\"><p style=\"margin-bottom: 0px\"/><p style=\"margin-bottom: 0px\">Profile: <a href=\"StructureDefinition-au-core-medicationstatement.html\">AU Core MedicationStatement</a></p></div><p><b>status</b>: Completed</p><p><b>medication</b>: <span title=\"Codes:{http://snomed.info/sct 22717011000036101}\">Chloramphenicol 1% eye ointment</span></p><p><b>subject</b>: <a href=\"Patient-banks-mia-leanne.html\">Mia Leanne Banks  Female, DoB: 1983-08-25 ( IHI:\u00a0Austalian Healthcare Identifier - Individual#8003608333647261)</a></p><p><b>dateAsserted</b>: 2019-02-05</p><p><b>reasonCode</b>: <span title=\"Codes:{http://snomed.info/sct 719755001}\">Adult gonococcal conjunctivitis</span></p></div>"},"status":"completed","medicationCodeableConcept":{"coding":[{"system":"http://snomed.info/sct","code":"22717011000036101","display":"Chloramphenicol 1% eye ointment"}],"text":"Chloramphenicol 1% eye ointment"},"subject":{"reference":"Patient/banks-mia-leanne"},"dateAsserted":"2019-02-05","reasonCode":[{"coding":[{"system":"http://snomed.info/sct","code":"719755001"}],"text":"Adult gonococcal conjunctivitis"}]}