{"resourceType":"Medication","id":"simvastatin","meta":{"profile":["http://hl7.org.au/fhir/core/StructureDefinition/au-core-medication"]},"text":{"status":"generated","div":"<div xmlns=\"http://www.w3.org/1999/xhtml\"><p class=\"res-header-id\"><b>Generated Narrative: Medication simvastatin</b></p><a name=\"simvastatin\"> </a><a name=\"hcsimvastatin\"> </a><div style=\"display: inline-block; background-color: #d9e0e7; padding: 6px; margin: 4px; border: 1px solid #8da1b4; border-radius: 5px; line-height: 60%\"><p style=\"margin-bottom: 0px\"/><p style=\"margin-bottom: 0px\">Profile: <a href=\"StructureDefinition-au-core-medication.html\">AU Core Medication</a></p></div><p><b>code</b>: <span title=\"Codes:{http://snomed.info/sct 320000009}\">Simvastatin 40 MG Disintegrating Oral Tablet</span></p></div>"},"code":{"coding":[{"system":"http://snomed.info/sct","code":"320000009","display":"Simvastatin 40 mg oral tablet"}],"text":"Simvastatin 40 MG Disintegrating Oral Tablet"}}