{"resourceType":"MedicationRequest","id":"reaptan","meta":{"profile":["http://hl7.org.au/fhir/core/StructureDefinition/au-core-medicationrequest"]},"text":{"status":"generated","div":"<div xmlns=\"http://www.w3.org/1999/xhtml\"><p class=\"res-header-id\"><b>Generated Narrative: MedicationRequest reaptan</b></p><a name=\"reaptan\"> </a><a name=\"hcreaptan\"> </a><div style=\"display: inline-block; background-color: #d9e0e7; padding: 6px; margin: 4px; border: 1px solid #8da1b4; border-radius: 5px; line-height: 60%\"><p style=\"margin-bottom: 0px\"/><p style=\"margin-bottom: 0px\">Profile: <a href=\"StructureDefinition-au-core-medicationrequest.html\">AU Core MedicationRequest</a></p></div><p><b>status</b>: Active</p><p><b>intent</b>: Order</p><p><b>medication</b>: <a href=\"#hcreaptan/med1\">Medication Reaptan 10 mg/10 mg (perindopril arginine/amlodipine) tablet, 10</a></p><p><b>subject</b>: <a href=\"Patient-wang-li.html\">Li Wang  Male, DoB: 1975-05-03 ( Medical Record Number:\u00a022421441)</a></p><p><b>authoredOn</b>: 2018-07-15</p><p><b>requester</b>: <a href=\"PractitionerRole-surgeon-chau-fryer.html\">PractitionerRole Surgeon (General)</a></p><p><b>reasonCode</b>: <span title=\"Codes:\">Hypertension</span></p><blockquote><p><b>dosageInstruction</b></p><p><b>text</b>: 1 tablet daily</p><p><b>timing</b>: Once per 1 day</p><p><b>route</b>: <span title=\"Codes:{http://snomed.info/sct 26643006}\">Oral route</span></p><h3>DoseAndRates</h3><table class=\"grid\"><tr><td style=\"display: none\">-</td><td><b>Dose[x]</b></td></tr><tr><td style=\"display: none\">*</td><td>1 TAB<span style=\"background: LightGoldenRodYellow\"> (Details: Orderable Drug Form  codeTAB = 'Tablet')</span></td></tr></table></blockquote><hr/><blockquote><p class=\"res-header-id\"><b>Generated Narrative: Medication #med1</b></p><a name=\"reaptan/med1\"> </a><a name=\"hcreaptan/med1\"> </a><p><b>code</b>: <span title=\"Codes:{http://snomed.info/sct 926213011000036100}\">Reaptan 10 mg/10 mg (perindopril arginine/amlodipine) tablet, 10</span></p></blockquote></div>"},"contained":[{"resourceType":"Medication","id":"med1","code":{"coding":[{"system":"http://snomed.info/sct","code":"926213011000036100"}],"text":"Reaptan 10 mg/10 mg (perindopril arginine/amlodipine) tablet, 10"}}],"status":"active","intent":"order","medicationReference":{"reference":"#med1"},"subject":{"reference":"Patient/wang-li"},"authoredOn":"2018-07-15","requester":{"reference":"PractitionerRole/surgeon-chau-fryer"},"reasonCode":[{"text":"Hypertension"}],"dosageInstruction":[{"text":"1 tablet daily","timing":{"repeat":{"frequency":1,"period":1,"periodUnit":"d"}},"route":{"coding":[{"system":"http://snomed.info/sct","code":"26643006","display":"Oral route"}]},"doseAndRate":[{"doseQuantity":{"value":1,"unit":"TAB","system":"http://terminology.hl7.org/CodeSystem/v3-orderableDrugForm","code":"TAB"}}]}]}