{"resourceType":"MedicationStatement","id":"previous-use-diflucan","meta":{"profile":["http://hl7.org.au/fhir/core/StructureDefinition/au-core-medicationstatement"]},"text":{"status":"generated","div":"<div xmlns=\"http://www.w3.org/1999/xhtml\"><p class=\"res-header-id\"><b>Generated Narrative: MedicationStatement previous-use-diflucan</b></p><a name=\"previous-use-diflucan\"> </a><a name=\"hcprevious-use-diflucan\"> </a><div style=\"display: inline-block; background-color: #d9e0e7; padding: 6px; margin: 4px; border: 1px solid #8da1b4; border-radius: 5px; line-height: 60%\"><p style=\"margin-bottom: 0px\"/><p style=\"margin-bottom: 0px\">Profile: <a href=\"StructureDefinition-au-core-medicationstatement.html\">AU Core MedicationStatement</a></p></div><p><b>status</b>: Completed</p><p><b>medication</b>: <span title=\"Codes:{http://snomed.info/sct 5232011000036102}\">Diflucan 200 mg/100 mL injection, 100 mL vial</span></p><p><b>subject</b>: <a href=\"Patient-banks-mia-leanne.html\">Mia Leanne Banks  Female, DoB: 1983-08-25 ( IHI:\u00a0Austalian Healthcare Identifier - Individual#8003608333647261)</a></p><p><b>effective</b>: 2018-06-25 --&gt; 2018-07-05</p><p><b>dateAsserted</b>: 2018-07-10</p><blockquote><p><b>dosage</b></p><p><b>text</b>: Every 1-10 days at 10am for 30 minutes</p><p><b>timing</b>: Duration 30days , Once per 1-10 day</p><p><b>route</b>: <span title=\"Codes:{http://snomed.info/sct 47625008}\">Intravenous route</span></p><h3>DoseAndRates</h3><table class=\"grid\"><tr><td style=\"display: none\">-</td><td><b>Dose[x]</b></td></tr><tr><td style=\"display: none\">*</td><td>200 mg<span style=\"background: LightGoldenRodYellow\"> (Details: UCUM  codemg = 'mg')</span></td></tr></table></blockquote></div>"},"status":"completed","medicationCodeableConcept":{"coding":[{"extension":[{"url":"http://hl7.org.au/fhir/StructureDefinition/medication-type","valueCoding":{"system":"http://terminology.hl7.org.au/CodeSystem/medication-type","code":"BPDSF","display":"Branded product with strengths and form"}}],"system":"http://snomed.info/sct","code":"5232011000036102","display":"Diflucan 200 mg/100 mL injection, 100 mL vial"}]},"subject":{"reference":"Patient/banks-mia-leanne"},"effectivePeriod":{"start":"2018-06-25","end":"2018-07-05"},"dateAsserted":"2018-07-10","dosage":[{"text":"Every 1-10 days at 10am for 30 minutes","timing":{"repeat":{"duration":30,"durationUnit":"min","frequency":1,"period":1,"periodMax":10,"periodUnit":"d","timeOfDay":["10:00:00"]}},"route":{"coding":[{"system":"http://snomed.info/sct","code":"47625008","display":"Intravenous route"}]},"doseAndRate":[{"doseQuantity":{"value":200,"unit":"mg","system":"http://unitsofmeasure.org","code":"mg"}}]}]}