{"resourceType":"Medication","id":"2active-ingredients","meta":{"profile":["http://hl7.org.au/fhir/core/StructureDefinition/au-core-medication"]},"text":{"status":"generated","div":"<div xmlns=\"http://www.w3.org/1999/xhtml\"><p class=\"res-header-id\"><b>Generated Narrative: Medication 2active-ingredients</b></p><a name=\"2active-ingredients\"> </a><a name=\"hc2active-ingredients\"> </a><div style=\"display: inline-block; background-color: #d9e0e7; padding: 6px; margin: 4px; border: 1px solid #8da1b4; border-radius: 5px; line-height: 60%\"><p style=\"margin-bottom: 0px\"/><p style=\"margin-bottom: 0px\">Profile: <a href=\"StructureDefinition-au-core-medication.html\">AU Core Medication</a></p></div><p><b>code</b>: <span title=\"Codes:{http://pbs.gov.au/code/item 13382H}\">perindopril arginine 10 mg + amlodipine 10 mg tablet, 30</span></p></div>"},"code":{"coding":[{"system":"http://pbs.gov.au/code/item","code":"13382H","display":"PERINDOPRIL + AMLODIPINE"}],"text":"perindopril arginine 10 mg + amlodipine 10 mg tablet, 30"}}