{"resourceType":"MedicationRequest","id":"simvastatin","meta":{"profile":["http://hl7.org.au/fhir/core/StructureDefinition/au-core-medicationrequest"]},"text":{"status":"generated","div":"<div xmlns=\"http://www.w3.org/1999/xhtml\"><p class=\"res-header-id\"><b>Generated Narrative: MedicationRequest simvastatin</b></p><a name=\"simvastatin\"> </a><a name=\"hcsimvastatin\"> </a><div style=\"display: inline-block; background-color: #d9e0e7; padding: 6px; margin: 4px; border: 1px solid #8da1b4; border-radius: 5px; line-height: 60%\"><p style=\"margin-bottom: 0px\"/><p style=\"margin-bottom: 0px\">Profile: <a href=\"StructureDefinition-au-core-medicationrequest.html\">AU Core MedicationRequest</a></p></div><p><b>status</b>: Active</p><p><b>intent</b>: Order</p><p><b>medication</b>: <a href=\"Medication-simvastatin.html\">Medication Simvastatin 40 mg oral tablet</a></p><p><b>subject</b>: <a href=\"Patient-wang-li.html\">Li Wang  Male, DoB: 1975-05-03 ( Medical Record Number:\u00a022421441)</a></p><p><b>authoredOn</b>: 2020-07-15</p><p><b>requester</b>: <a href=\"PractitionerRole-surgeon-chau-fryer.html\">PractitionerRole Surgeon (General)</a></p><p><b>reasonCode</b>: <span title=\"Codes:{http://snomed.info/sct 13644009}\">High cholesterol</span></p><blockquote><p><b>dosageInstruction</b></p><p><b>text</b>: Take one tablet daily</p><p><b>timing</b>: Once per 1 day</p><p><b>asNeeded</b>: true</p><p><b>route</b>: <span title=\"Codes:{http://snomed.info/sct 26643006}\">Oral route</span></p><h3>DoseAndRates</h3><table class=\"grid\"><tr><td style=\"display: none\">-</td><td><b>Dose[x]</b></td></tr><tr><td style=\"display: none\">*</td><td>1 TAB<span style=\"background: LightGoldenRodYellow\"> (Details: Orderable Drug Form  codeTAB = 'Tablet')</span></td></tr></table></blockquote></div>"},"status":"active","intent":"order","medicationReference":{"reference":"Medication/simvastatin"},"subject":{"reference":"Patient/wang-li"},"authoredOn":"2020-07-15","requester":{"reference":"PractitionerRole/surgeon-chau-fryer"},"reasonCode":[{"coding":[{"system":"http://snomed.info/sct","code":"13644009","display":"Hypercholesterolaemia"}],"text":"High cholesterol"}],"dosageInstruction":[{"text":"Take one tablet daily","timing":{"repeat":{"frequency":1,"period":1,"periodUnit":"d"}},"asNeededBoolean":true,"route":{"coding":[{"system":"http://snomed.info/sct","code":"26643006","display":"Oral route"}]},"doseAndRate":[{"doseQuantity":{"value":1,"unit":"TAB","system":"http://terminology.hl7.org/CodeSystem/v3-orderableDrugForm","code":"TAB"}}]}]}