{"resourceType":"Medication","id":"1active-ingredient","meta":{"profile":["http://hl7.org.au/fhir/core/StructureDefinition/au-core-medication"]},"text":{"status":"extensions","div":"<div xmlns=\"http://www.w3.org/1999/xhtml\">\n      <p><b>chloramphenicol</b> 0.5% – <i>Chlorsig</i> – eye drops</p>\n    </div>"},"code":{"coding":[{"extension":[{"url":"http://hl7.org.au/fhir/StructureDefinition/medication-type","valueCoding":{"system":"http://terminology.hl7.org.au/CodeSystem/medication-type","code":"BPD","display":"Branded product with no strengths or form"}}],"system":"http://snomed.info/sct","code":"4445011000036103","display":"Chlorsig"}]}}