{"resourceType":"MedicationStatement","id":"active-bisoprolol","meta":{"profile":["http://hl7.org.au/fhir/core/StructureDefinition/au-core-medicationstatement"]},"text":{"status":"generated","div":"<div xmlns=\"http://www.w3.org/1999/xhtml\"><p class=\"res-header-id\"><b>Generated Narrative: MedicationStatement active-bisoprolol</b></p><a name=\"active-bisoprolol\"> </a><a name=\"hcactive-bisoprolol\"> </a><div style=\"display: inline-block; background-color: #d9e0e7; padding: 6px; margin: 4px; border: 1px solid #8da1b4; border-radius: 5px; line-height: 60%\"><p style=\"margin-bottom: 0px\"/><p style=\"margin-bottom: 0px\">Profile: <a href=\"StructureDefinition-au-core-medicationstatement.html\">AU Core MedicationStatement</a></p></div><p><b>status</b>: Active</p><p><b>medication</b>: <a href=\"#hcactive-bisoprolol/bisoprolol\">Medication Bisoprolol fumarate 2.5 mg tablet</a></p><p><b>subject</b>: <a href=\"Patient-banks-mia-leanne.html\">Mia Leanne Banks  Female, DoB: 1983-08-25 ( IHI:\u00a0Austalian Healthcare Identifier - Individual#8003608333647261)</a></p><p><b>dateAsserted</b>: 2019-02-05</p><h3>Dosages</h3><table class=\"grid\"><tr><td style=\"display: none\">-</td><td><b>Text</b></td></tr><tr><td style=\"display: none\">*</td><td>1/2 tablet in the morning</td></tr></table><hr/><blockquote><p class=\"res-header-id\"><b>Generated Narrative: Medication #bisoprolol</b></p><a name=\"active-bisoprolol/bisoprolol\"> </a><a name=\"hcactive-bisoprolol/bisoprolol\"> </a><p><b>code</b>: <span title=\"Codes:{http://snomed.info/sct 23281011000036106}\">Bisoprolol 2.5mg tab</span></p></blockquote></div>"},"contained":[{"resourceType":"Medication","id":"bisoprolol","code":{"coding":[{"system":"http://snomed.info/sct","code":"23281011000036106","display":"Bisoprolol fumarate 2.5 mg tablet"}],"text":"Bisoprolol 2.5mg tab"}}],"status":"active","medicationReference":{"reference":"#bisoprolol"},"subject":{"reference":"Patient/banks-mia-leanne"},"dateAsserted":"2019-02-05","dosage":[{"text":"1/2 tablet in the morning"}]}