{"resourceType":"MedicationRequest","id":"paracetamol-codeine","meta":{"profile":["http://hl7.org.au/fhir/core/StructureDefinition/au-core-medicationrequest"]},"text":{"status":"generated","div":"<div xmlns=\"http://www.w3.org/1999/xhtml\"><p class=\"res-header-id\"><b>Generated Narrative: MedicationRequest paracetamol-codeine</b></p><a name=\"paracetamol-codeine\"> </a><a name=\"hcparacetamol-codeine\"> </a><div style=\"display: inline-block; background-color: #d9e0e7; padding: 6px; margin: 4px; border: 1px solid #8da1b4; border-radius: 5px; line-height: 60%\"><p style=\"margin-bottom: 0px\"/><p style=\"margin-bottom: 0px\">Profile: <a href=\"StructureDefinition-au-core-medicationrequest.html\">AU Core MedicationRequest</a></p></div><p><b>status</b>: Unknown</p><p><b>intent</b>: Order</p><p><b>medication</b>: <span title=\"Codes:{http://snomed.info/sct 79115011000036100}\">Paracetamol 500 mg + codeine phosphate hemihydrate 30 mg tablet</span></p><p><b>subject</b>: <a href=\"Patient-bennelong-anne.html\">Mrs. Anne Mary Bennelong(official) Female, DoB: 1968-10-11 ( Medical record number)</a></p><p><b>authoredOn</b>: 2018-07-15</p><p><b>requester</b>: ?rref?</p><p><b>reasonCode</b>: <span title=\"Codes:{http://snomed.info/sct 278414003}\">Pain management</span></p><blockquote><p><b>dosageInstruction</b></p><p><b>text</b>: 1-2 tablets every 4-6 hours as needed for pain</p><p><b>timing</b>: 1-2 per 4-6 hours</p><p><b>asNeeded</b>: true</p><p><b>route</b>: <span title=\"Codes:{http://snomed.info/sct 26643006}\">Oral route</span></p><h3>DoseAndRates</h3><table class=\"grid\"><tr><td style=\"display: none\">-</td><td><b>Dose[x]</b></td></tr><tr><td style=\"display: none\">*</td><td>1 TAB<span style=\"background: LightGoldenRodYellow\"> (Details: Orderable Drug Form  codeTAB = 'Tablet')</span></td></tr></table></blockquote></div>"},"status":"unknown","intent":"order","medicationCodeableConcept":{"coding":[{"system":"http://snomed.info/sct","code":"79115011000036100","display":"Paracetamol 500 mg + codeine phosphate hemihydrate 30 mg tablet"}]},"subject":{"reference":"Patient/bennelong-anne"},"authoredOn":"2018-07-15","requester":{"extension":[{"url":"http://hl7.org/fhir/StructureDefinition/data-absent-reason","valueCode":"unknown"}]},"reasonCode":[{"coding":[{"system":"http://snomed.info/sct","code":"278414003","display":"Pain management"}],"text":"Pain management"}],"dosageInstruction":[{"text":"1-2 tablets every 4-6 hours as needed for pain","timing":{"repeat":{"frequency":1,"frequencyMax":2,"period":4,"periodMax":6,"periodUnit":"h"}},"asNeededBoolean":true,"route":{"coding":[{"system":"http://snomed.info/sct","code":"26643006","display":"Oral route"}]},"doseAndRate":[{"doseQuantity":{"value":1,"unit":"TAB","system":"http://terminology.hl7.org/CodeSystem/v3-orderableDrugForm","code":"TAB"}}]}]}