{"resourceType":"Observation","id":"bodyheight-1","meta":{"profile":["http://hl7.org.au/fhir/core/StructureDefinition/au-core-bodyheight"]},"text":{"status":"generated","div":"<div xmlns=\"http://www.w3.org/1999/xhtml\"><p class=\"res-header-id\"><b>Generated Narrative: Observation bodyheight-1</b></p><a name=\"bodyheight-1\"> </a><a name=\"hcbodyheight-1\"> </a><div style=\"display: inline-block; background-color: #d9e0e7; padding: 6px; margin: 4px; border: 1px solid #8da1b4; border-radius: 5px; line-height: 60%\"><p style=\"margin-bottom: 0px\"/><p style=\"margin-bottom: 0px\">Profile: <a href=\"StructureDefinition-au-core-bodyheight.html\">AU Core Body Height</a></p></div><p><b>status</b>: Final</p><p><b>category</b>: <span title=\"Codes:{http://terminology.hl7.org/CodeSystem/observation-category vital-signs}\">Vital Signs</span></p><p><b>code</b>: <span title=\"Codes:{http://loinc.org 8302-2}, {http://snomed.info/sct 50373000}\">height</span></p><p><b>subject</b>: <a href=\"Patient-wang-li.html\">Li Wang  Male, DoB: 1975-05-03 ( Medical Record Number:\u00a022421441)</a></p><p><b>effective</b>: 2016-07-02</p><p><b>value</b>: 175 cm<span style=\"background: LightGoldenRodYellow\"> (Details: UCUM  codecm = 'cm')</span></p></div>"},"status":"final","category":[{"coding":[{"system":"http://terminology.hl7.org/CodeSystem/observation-category","code":"vital-signs","display":"Vital Signs"}],"text":"Vital Signs"}],"code":{"coding":[{"system":"http://loinc.org","code":"8302-2","display":"Body height"},{"system":"http://snomed.info/sct","code":"50373000"}],"text":"height"},"subject":{"reference":"Patient/wang-li"},"effectiveDateTime":"2016-07-02","valueQuantity":{"value":175,"unit":"cm","system":"http://unitsofmeasure.org","code":"cm"}}