{"resourceType":"Observation","id":"observation-masked","meta":{"profile":["http://hl7.org.au/fhir/core/StructureDefinition/au-core-diagnosticresult"]},"text":{"status":"generated","div":"<div xmlns=\"http://www.w3.org/1999/xhtml\"><p class=\"res-header-id\"><b>Generated Narrative: Observation observation-masked</b></p><a name=\"observation-masked\"> </a><a name=\"hcobservation-masked\"> </a><div style=\"display: inline-block; background-color: #d9e0e7; padding: 6px; margin: 4px; border: 1px solid #8da1b4; border-radius: 5px; line-height: 60%\"><p style=\"margin-bottom: 0px\"/><p style=\"margin-bottom: 0px\">Profile: <a href=\"StructureDefinition-au-core-diagnosticresult.html\">AU Core Diagnostic Result Observation</a></p></div><p><b>status</b>: Final</p><p><b>category</b>: <span title=\"Codes:{http://terminology.hl7.org/CodeSystem/data-absent-reason masked}\">Masked</span></p><p><b>code</b>: <span title=\"Codes:{http://terminology.hl7.org/CodeSystem/data-absent-reason masked}\">Masked</span></p><p><b>subject</b>: <a href=\"Patient-ronny-irvine.html\">Ronny Lawrence Irvine  Male, DoB:  ( DVA Number:\u00a0QX827261)</a></p><p><b>effective</b>: ?? --&gt; (ongoing)</p><p><b>value</b>: </p></div>"},"status":"final","category":[{"coding":[{"system":"http://terminology.hl7.org/CodeSystem/data-absent-reason","code":"masked"}]}],"code":{"coding":[{"system":"http://terminology.hl7.org/CodeSystem/data-absent-reason","code":"masked"}]},"subject":{"reference":"Patient/ronny-irvine"},"effectivePeriod":{"extension":[{"url":"http://hl7.org/fhir/StructureDefinition/data-absent-reason","valueCode":"masked"}]},"valueQuantity":{"extension":[{"url":"http://hl7.org/fhir/StructureDefinition/data-absent-reason","valueCode":"masked"}]}}