{"resourceType":"Observation","id":"bloodpressure-1","meta":{"profile":["http://hl7.org.au/fhir/core/StructureDefinition/au-core-bloodpressure"]},"text":{"status":"generated","div":"<div xmlns=\"http://www.w3.org/1999/xhtml\"><p class=\"res-header-id\"><b>Generated Narrative: Observation bloodpressure-1</b></p><a name=\"bloodpressure-1\"> </a><a name=\"hcbloodpressure-1\"> </a><div style=\"display: inline-block; background-color: #d9e0e7; padding: 6px; margin: 4px; border: 1px solid #8da1b4; border-radius: 5px; line-height: 60%\"><p style=\"margin-bottom: 0px\"/><p style=\"margin-bottom: 0px\">Profile: <a href=\"StructureDefinition-au-core-bloodpressure.html\">AU Core Blood Pressure</a></p></div><p><b>status</b>: Final</p><p><b>category</b>: <span title=\"Codes:{http://terminology.hl7.org/CodeSystem/observation-category vital-signs}\">Vital Signs</span></p><p><b>code</b>: <span title=\"Codes:{http://loinc.org 85354-9}, {http://snomed.info/sct 75367002}\">Blood pressure systolic and diastolic</span></p><p><b>subject</b>: <a href=\"Patient-wang-li.html\">Li Wang  Male, DoB: 1975-05-03 ( Medical Record Number:\u00a022421441)</a></p><p><b>effective</b>: 2016-07-02</p><p><b>performer</b>: <a href=\"PractitionerRole-bobrester-bob-gp.html\">PractitionerRole General practitioner</a></p><blockquote><p><b>component</b></p><p><b>code</b>: <span title=\"Codes:{http://loinc.org 8480-6}, {http://snomed.info/sct 271649006}\">Systolic blood pressure</span></p><p><b>value</b>: 109 mmHg<span style=\"background: LightGoldenRodYellow\"> (Details: UCUM  codemm[Hg] = 'mm[Hg]')</span></p></blockquote><blockquote><p><b>component</b></p><p><b>code</b>: <span title=\"Codes:{http://loinc.org 8462-4}, {http://snomed.info/sct 271650006}\">Diastolic blood pressure</span></p><p><b>value</b>: 44 mmHg<span style=\"background: LightGoldenRodYellow\"> (Details: UCUM  codemm[Hg] = 'mm[Hg]')</span></p></blockquote></div>"},"status":"final","category":[{"coding":[{"system":"http://terminology.hl7.org/CodeSystem/observation-category","code":"vital-signs","display":"Vital Signs"}],"text":"Vital Signs"}],"code":{"coding":[{"system":"http://loinc.org","code":"85354-9","display":"Blood pressure panel with all children optional"},{"system":"http://snomed.info/sct","code":"75367002"}],"text":"Blood pressure systolic and diastolic"},"subject":{"reference":"Patient/wang-li"},"effectiveDateTime":"2016-07-02","performer":[{"reference":"PractitionerRole/bobrester-bob-gp"}],"component":[{"code":{"coding":[{"system":"http://loinc.org","code":"8480-6","display":"Systolic blood pressure"},{"system":"http://snomed.info/sct","code":"271649006"}],"text":"Systolic blood pressure"},"valueQuantity":{"value":109,"unit":"mmHg","system":"http://unitsofmeasure.org","code":"mm[Hg]"}},{"code":{"coding":[{"system":"http://loinc.org","code":"8462-4","display":"Diastolic blood pressure"},{"system":"http://snomed.info/sct","code":"271650006"}],"text":"Diastolic blood pressure"},"valueQuantity":{"value":44,"unit":"mmHg","system":"http://unitsofmeasure.org","code":"mm[Hg]"}}]}