{"resourceType":"Observation","id":"bloodpressure-data-absent","meta":{"profile":["http://hl7.org.au/fhir/core/StructureDefinition/au-core-bloodpressure"]},"text":{"status":"generated","div":"<div xmlns=\"http://www.w3.org/1999/xhtml\"><p class=\"res-header-id\"><b>Generated Narrative: Observation bloodpressure-data-absent</b></p><a name=\"bloodpressure-data-absent\"> </a><a name=\"hcbloodpressure-data-absent\"> </a><div style=\"display: inline-block; background-color: #d9e0e7; padding: 6px; margin: 4px; border: 1px solid #8da1b4; border-radius: 5px; line-height: 60%\"><p style=\"margin-bottom: 0px\"/><p style=\"margin-bottom: 0px\">Profile: <a href=\"StructureDefinition-au-core-bloodpressure.html\">AU Core Blood Pressure</a></p></div><p><b>status</b>: Final</p><p><b>category</b>: <span title=\"Codes:{http://terminology.hl7.org/CodeSystem/observation-category vital-signs}\">Vital Signs</span></p><p><b>code</b>: <span title=\"Codes:{http://loinc.org 85354-9}, {http://snomed.info/sct 75367002}\">Blood pressure systolic and diastolic</span></p><p><b>subject</b>: <a href=\"Patient-ronny-irvine.html\">Ronny Lawrence Irvine  Male, DoB:  ( DVA Number:\u00a0QX827261)</a></p><p><b>encounter</b>: <a href=\"Encounter-discharge-1.html\">Encounter: status = finished; class = emergency (ActCode#EMER); period = 2023-02-20 06:15:00+1000 --&gt; 2023-02-20 18:19:00+1000</a></p><p><b>effective</b>: 2023-02-20 06:20:00+1000</p><blockquote><p><b>component</b></p><p><b>code</b>: <span title=\"Codes:{http://loinc.org 8480-6}, {http://snomed.info/sct 271649006}\">Systolic blood pressure</span></p><p><b>value</b>: 109 mmHg<span style=\"background: LightGoldenRodYellow\"> (Details: UCUM  codemm[Hg] = 'mm[Hg]')</span></p></blockquote><blockquote><p><b>component</b></p><p><b>code</b>: <span title=\"Codes:{http://loinc.org 8462-4}, {http://snomed.info/sct 271650006}\">Diastolic blood pressure</span></p><p><b>dataAbsentReason</b>: <span title=\"Codes:{http://terminology.hl7.org/CodeSystem/data-absent-reason unknown}\">Unknown</span></p></blockquote></div>"},"status":"final","category":[{"coding":[{"system":"http://terminology.hl7.org/CodeSystem/observation-category","code":"vital-signs","display":"Vital Signs"}],"text":"Vital Signs"}],"code":{"coding":[{"system":"http://loinc.org","code":"85354-9","display":"Blood pressure panel with all children optional"},{"system":"http://snomed.info/sct","code":"75367002"}],"text":"Blood pressure systolic and diastolic"},"subject":{"reference":"Patient/ronny-irvine"},"encounter":{"reference":"Encounter/discharge-1"},"effectiveDateTime":"2023-02-20T06:20:00+10:00","component":[{"code":{"coding":[{"system":"http://loinc.org","code":"8480-6","display":"Systolic blood pressure"},{"system":"http://snomed.info/sct","code":"271649006"}],"text":"Systolic blood pressure"},"valueQuantity":{"value":109,"unit":"mmHg","system":"http://unitsofmeasure.org","code":"mm[Hg]"}},{"code":{"coding":[{"system":"http://loinc.org","code":"8462-4","display":"Diastolic blood pressure"},{"system":"http://snomed.info/sct","code":"271650006"}],"text":"Diastolic blood pressure"},"dataAbsentReason":{"coding":[{"system":"http://terminology.hl7.org/CodeSystem/data-absent-reason","code":"unknown","display":"Unknown"}],"text":"Unknown"}}]}