{"resourceType":"Observation","id":"waistcircum-1","meta":{"profile":["http://hl7.org.au/fhir/core/StructureDefinition/au-core-waistcircum"]},"text":{"status":"generated","div":"<div xmlns=\"http://www.w3.org/1999/xhtml\"><p class=\"res-header-id\"><b>Generated Narrative: Observation waistcircum-1</b></p><a name=\"waistcircum-1\"> </a><a name=\"hcwaistcircum-1\"> </a><div style=\"display: inline-block; background-color: #d9e0e7; padding: 6px; margin: 4px; border: 1px solid #8da1b4; border-radius: 5px; line-height: 60%\"><p style=\"margin-bottom: 0px\"/><p style=\"margin-bottom: 0px\">Profile: <a href=\"StructureDefinition-au-core-waistcircum.html\">AU Core Waist Circumference</a></p></div><p><b>status</b>: Final</p><p><b>category</b>: <span title=\"Codes:{http://terminology.hl7.org/CodeSystem/observation-category vital-signs}\">Vital Signs</span></p><p><b>code</b>: <span title=\"Codes:{http://loinc.org 8280-0}, {http://snomed.info/sct 276361009}\">Waist Circumference</span></p><p><b>subject</b>: <a href=\"Patient-banks-mia-leanne.html\">Mia Leanne Banks  Female, DoB: 1983-08-25 ( IHI:\u00a0Austalian Healthcare Identifier - Individual#8003608333647261)</a></p><p><b>effective</b>: 2023-03-14</p><p><b>performer</b>: <a href=\"PractitionerRole-bobrester-bob-gp.html\">PractitionerRole General practitioner</a></p><p><b>value</b>: 78.6 cm<span style=\"background: LightGoldenRodYellow\"> (Details: UCUM  codecm = 'cm')</span></p></div>"},"status":"final","category":[{"coding":[{"system":"http://terminology.hl7.org/CodeSystem/observation-category","code":"vital-signs","display":"Vital Signs"}],"text":"Vital Signs"}],"code":{"coding":[{"system":"http://loinc.org","code":"8280-0","display":"Waist Circumference at umbilicus by Tape measure"},{"system":"http://snomed.info/sct","code":"276361009","display":"Waist circumference"}],"text":"Waist Circumference"},"subject":{"reference":"Patient/banks-mia-leanne"},"effectiveDateTime":"2023-03-14","performer":[{"reference":"PractitionerRole/bobrester-bob-gp"}],"valueQuantity":{"value":78.6,"unit":"cm","system":"http://unitsofmeasure.org","code":"cm"}}