{"resourceType":"Observation","id":"lipid-total-chol-1","meta":{"profile":["http://hl7.org.au/fhir/core/StructureDefinition/au-core-diagnosticresult-path"]},"text":{"status":"generated","div":"<div xmlns=\"http://www.w3.org/1999/xhtml\"><p class=\"res-header-id\"><b>Generated Narrative: Observation lipid-total-chol-1</b></p><a name=\"lipid-total-chol-1\"> </a><a name=\"hclipid-total-chol-1\"> </a><div style=\"display: inline-block; background-color: #d9e0e7; padding: 6px; margin: 4px; border: 1px solid #8da1b4; border-radius: 5px; line-height: 60%\"><p style=\"margin-bottom: 0px\"/><p style=\"margin-bottom: 0px\">Profile: <a href=\"StructureDefinition-au-core-diagnosticresult-path.html\">AU Core Pathology Result Observation</a></p></div><p><b>status</b>: Final</p><p><b>category</b>: <span title=\"Codes:{http://terminology.hl7.org/CodeSystem/observation-category laboratory}\">Laboratory</span>, <span title=\"Codes:{http://terminology.hl7.org/CodeSystem/v2-0074 CH}\">Chemistry</span></p><p><b>code</b>: <span title=\"Codes:{http://loinc.org 32309-7}\">Total Chol/HDL</span></p><p><b>subject</b>: <a href=\"Patient-banks-mia-leanne.html\">Mia Leanne Banks  Female, DoB: 1983-08-25 ( IHI:\u00a0Austalian Healthcare Identifier - Individual#8003608333647261)</a></p><p><b>effective</b>: 2023-01-17</p><p><b>value</b>: 3.93</p><p><b>interpretation</b>: <span title=\"Codes:{http://terminology.hl7.org/CodeSystem/v3-ObservationInterpretation N}\">Normal</span></p><h3>ReferenceRanges</h3><table class=\"grid\"><tr><td style=\"display: none\">-</td><td><b>High</b></td></tr><tr><td style=\"display: none\">*</td><td>4.6</td></tr></table></div>"},"status":"final","category":[{"coding":[{"system":"http://terminology.hl7.org/CodeSystem/observation-category","code":"laboratory","display":"Laboratory"}]},{"coding":[{"system":"http://terminology.hl7.org/CodeSystem/v2-0074","code":"CH","display":"Chemistry"}],"text":"Chemistry"}],"code":{"coding":[{"system":"http://loinc.org","code":"32309-7","display":"Cholesterol.total/Cholesterol in HDL [Molar ratio] in Serum or Plasma"}],"text":"Total Chol/HDL"},"subject":{"reference":"Patient/banks-mia-leanne"},"effectiveDateTime":"2023-01-17","valueQuantity":{"value":3.93},"interpretation":[{"coding":[{"system":"http://terminology.hl7.org/CodeSystem/v3-ObservationInterpretation","code":"N","display":"Normal"}]}],"referenceRange":[{"high":{"value":4.6}}]}