{"resourceType":"Observation","id":"smokingstatus-current-smoker","meta":{"profile":["http://hl7.org.au/fhir/core/StructureDefinition/au-core-smokingstatus"]},"text":{"status":"generated","div":"<div xmlns=\"http://www.w3.org/1999/xhtml\"><p class=\"res-header-id\"><b>Generated Narrative: Observation smokingstatus-current-smoker</b></p><a name=\"smokingstatus-current-smoker\"> </a><a name=\"hcsmokingstatus-current-smoker\"> </a><div style=\"display: inline-block; background-color: #d9e0e7; padding: 6px; margin: 4px; border: 1px solid #8da1b4; border-radius: 5px; line-height: 60%\"><p style=\"margin-bottom: 0px\"/><p style=\"margin-bottom: 0px\">Profile: <a href=\"StructureDefinition-au-core-smokingstatus.html\">AU Core Smoking Status</a></p></div><p><b>status</b>: Final</p><p><b>category</b>: <span title=\"Codes:{http://terminology.hl7.org/CodeSystem/observation-category social-history}\">Social History</span></p><p><b>code</b>: <span title=\"Codes:{http://snomed.info/sct 1747861000168109}, {http://loinc.org 72166-2}\">Smoking status</span></p><p><b>subject</b>: <a href=\"Patient-wang-li.html\">Li Wang  Male, DoB: 1975-05-03 ( Medical Record Number:\u00a022421441)</a></p><p><b>effective</b>: 2016-07-02</p><p><b>value</b>: <span title=\"Codes:{http://snomed.info/sct 77176002}, {http://loinc.org LA18979-7}\">Smoker</span></p></div>"},"status":"final","category":[{"coding":[{"system":"http://terminology.hl7.org/CodeSystem/observation-category","code":"social-history","display":"Social History"}],"text":"Social History"}],"code":{"coding":[{"system":"http://snomed.info/sct","code":"1747861000168109"},{"system":"http://loinc.org","code":"72166-2"}],"text":"Smoking status"},"subject":{"reference":"Patient/wang-li"},"effectiveDateTime":"2016-07-02","valueCodeableConcept":{"coding":[{"system":"http://snomed.info/sct","code":"77176002","display":"Current smoker"},{"system":"http://loinc.org","code":"LA18979-7"}],"text":"Smoker"}}