{"resourceType":"Observation","id":"resprate-1","meta":{"profile":["http://hl7.org.au/fhir/core/StructureDefinition/au-core-resprate"]},"text":{"status":"generated","div":"<div xmlns=\"http://www.w3.org/1999/xhtml\"><p class=\"res-header-id\"><b>Generated Narrative: Observation resprate-1</b></p><a name=\"resprate-1\"> </a><a name=\"hcresprate-1\"> </a><div style=\"display: inline-block; background-color: #d9e0e7; padding: 6px; margin: 4px; border: 1px solid #8da1b4; border-radius: 5px; line-height: 60%\"><p style=\"margin-bottom: 0px\"/><p style=\"margin-bottom: 0px\">Profile: <a href=\"StructureDefinition-au-core-resprate.html\">AU Core Respiration Rate</a></p></div><p><b>status</b>: Final</p><p><b>category</b>: <span title=\"Codes:{http://terminology.hl7.org/CodeSystem/observation-category vital-signs}\">Vital Signs</span></p><p><b>code</b>: <span title=\"Codes:{http://loinc.org 9279-1}, {http://snomed.info/sct 86290005}\">Respiratory rate</span></p><p><b>subject</b>: <a href=\"Patient-banks-mia-leanne.html\">Mia Leanne Banks  Female, DoB: 1983-08-25 ( IHI:\u00a0Austalian Healthcare Identifier - Individual#8003608333647261)</a></p><p><b>effective</b>: 2022-02-17</p><p><b>value</b>: 22 breaths/minute<span style=\"background: LightGoldenRodYellow\"> (Details: UCUM  code/min = '/min')</span></p></div>"},"status":"final","category":[{"coding":[{"system":"http://terminology.hl7.org/CodeSystem/observation-category","code":"vital-signs","display":"Vital Signs"}],"text":"Vital Signs"}],"code":{"coding":[{"system":"http://loinc.org","code":"9279-1","display":"Respiratory rate"},{"system":"http://snomed.info/sct","code":"86290005"}],"text":"Respiratory rate"},"subject":{"reference":"Patient/banks-mia-leanne"},"effectiveDateTime":"2022-02-17","valueQuantity":{"value":22,"unit":"breaths/minute","system":"http://unitsofmeasure.org","code":"/min"}}