{"resourceType":"Observation","id":"pulserate-1","meta":{"profile":["http://hl7.org.au/fhir/core/StructureDefinition/au-core-heartrate"]},"text":{"status":"generated","div":"<div xmlns=\"http://www.w3.org/1999/xhtml\"><p class=\"res-header-id\"><b>Generated Narrative: Observation pulserate-1</b></p><a name=\"pulserate-1\"> </a><a name=\"hcpulserate-1\"> </a><div style=\"display: inline-block; background-color: #d9e0e7; padding: 6px; margin: 4px; border: 1px solid #8da1b4; border-radius: 5px; line-height: 60%\"><p style=\"margin-bottom: 0px\"/><p style=\"margin-bottom: 0px\">Profile: <a href=\"StructureDefinition-au-core-heartrate.html\">AU Core Heart Rate</a></p></div><p><b>status</b>: Final</p><p><b>category</b>: <span title=\"Codes:{http://terminology.hl7.org/CodeSystem/observation-category vital-signs}\">Vital Signs</span></p><p><b>code</b>: <span title=\"Codes:{http://loinc.org 8867-4}, {http://snomed.info/sct 364075005}, {http://snomed.info/sct 78564009}\">Pulse rate</span></p><p><b>subject</b>: <a href=\"Patient-wang-li.html\">Li Wang  Male, DoB: 1975-05-03 ( Medical Record Number:\u00a022421441)</a></p><p><b>effective</b>: 2016-07-02</p><p><b>value</b>: 80 beats/minute<span style=\"background: LightGoldenRodYellow\"> (Details: UCUM  code/min = '/min')</span></p></div>"},"status":"final","category":[{"coding":[{"system":"http://terminology.hl7.org/CodeSystem/observation-category","code":"vital-signs","display":"Vital Signs"}],"text":"Vital Signs"}],"code":{"coding":[{"system":"http://loinc.org","code":"8867-4","display":"Heart rate"},{"system":"http://snomed.info/sct","code":"364075005","display":"Heart rate"},{"system":"http://snomed.info/sct","code":"78564009","display":"Pulse rate"}],"text":"Pulse rate"},"subject":{"reference":"Patient/wang-li"},"effectiveDateTime":"2016-07-02","valueQuantity":{"value":80,"unit":"beats/minute","system":"http://unitsofmeasure.org","code":"/min"}}