{"resourceType":"Organization","id":"murrabit-hospital","meta":{"profile":["http://hl7.org.au/fhir/core/StructureDefinition/au-core-organization"]},"text":{"status":"generated","div":"<div xmlns=\"http://www.w3.org/1999/xhtml\"><p class=\"res-header-id\"><b>Generated Narrative: Organization murrabit-hospital</b></p><a name=\"murrabit-hospital\"> </a><a name=\"hcmurrabit-hospital\"> </a><div style=\"display: inline-block; background-color: #d9e0e7; padding: 6px; margin: 4px; border: 1px solid #8da1b4; border-radius: 5px; line-height: 60%\"><p style=\"margin-bottom: 0px\"/><p style=\"margin-bottom: 0px\">Profile: <a href=\"StructureDefinition-au-core-organization.html\">AU Core Organization</a></p></div><p><b>identifier</b>: HPI-O/8003626566706976</p><p><b>type</b>: <span title=\"Codes:{http://snomed.info/sct 22232009}, {http://www.abs.gov.au/ausstats/abs@.nsf/mf/1292.0 8401}\">Hospital</span></p><p><b>name</b>: Murrabit Public Hospital</p><p><b>telecom</b>: ph: 0355509111, ph: 0355508677, <a href=\"mailto:reception@murrabitph.example.com.au\">reception@murrabitph.example.com.au</a></p><p><b>address</b>: 144 Central Gdns Murrabit VIC 3579 AU </p></div>"},"identifier":[{"type":{"coding":[{"system":"http://terminology.hl7.org.au/CodeSystem/v2-0203","code":"NOI","display":"National Organisation Identifier"}],"text":"HPI-O"},"system":"http://ns.electronichealth.net.au/id/hi/hpio/1.0","value":"8003626566706976"}],"type":[{"coding":[{"system":"http://snomed.info/sct","code":"22232009","display":"Hospital"},{"system":"http://www.abs.gov.au/ausstats/abs@.nsf/mf/1292.0","code":"8401","display":"Hospitals (Except Psychiatric Hospitals)"}]}],"name":"Murrabit Public Hospital","telecom":[{"system":"phone","value":"0355509111"},{"system":"phone","value":"0355508677"},{"system":"email","value":"reception@murrabitph.example.com.au"}],"address":[{"line":["144 Central Gdns"],"city":"Murrabit","state":"VIC","postalCode":"3579","country":"AU"}]}