{"resourceType":"Patient","id":"wang-li","meta":{"profile":["http://hl7.org.au/fhir/core/StructureDefinition/au-core-patient"]},"text":{"status":"generated","div":"<div xmlns=\"http://www.w3.org/1999/xhtml\"><p class=\"res-header-id\"><b>Generated Narrative: Patient wang-li</b></p><a name=\"wang-li\"> </a><a name=\"hcwang-li\"> </a><div style=\"display: inline-block; background-color: #d9e0e7; padding: 6px; margin: 4px; border: 1px solid #8da1b4; border-radius: 5px; line-height: 60%\"><p style=\"margin-bottom: 0px\"/><p style=\"margin-bottom: 0px\">Profile: <a href=\"StructureDefinition-au-core-patient.html\">AU Core Patient</a></p></div><p style=\"border: 1px #661aff solid; background-color: #e6e6ff; padding: 10px;\">Li Wang  Male, DoB: 1975-05-03 ( Medical Record Number:\u00a022421441)</p><hr/><table class=\"grid\"><tr><td style=\"background-color: #f3f5da\" title=\"Ways to contact the Patient\">Contact Detail</td><td colspan=\"3\">29 Gadsby Street Blacktown NSW 2148 AU (home)</td></tr><tr><td style=\"background-color: #f3f5da\" title=\"Language spoken\">Language:</td><td colspan=\"3\"><span title=\"Codes:{urn:ietf:bcp:47 yue}\">Cantonese</span> (preferred)</td></tr><tr><td style=\"background-color: #f3f5da\" title=\"This extension applies to the Patient, Person, and RelatedPerson resources and is used to indicate whether a person identifies as being of Aboriginal or Torres Strait Islander origin.\"><a href=\"https://build.fhir.org/ig/hl7au/au-fhir-base/StructureDefinition-indigenous-status.html\">Australian Indigenous Status</a></td><td colspan=\"3\">australian-indigenous-status-1: 4 (Neither Aboriginal nor Torres Strait Islander origin)</td></tr></table></div>"},"extension":[{"url":"http://hl7.org.au/fhir/StructureDefinition/indigenous-status","valueCoding":{"system":"https://healthterminologies.gov.au/fhir/CodeSystem/australian-indigenous-status-1","code":"4","display":"Neither Aboriginal nor Torres Strait Islander origin"}}],"identifier":[{"type":{"coding":[{"system":"http://terminology.hl7.org/CodeSystem/v2-0203","code":"MR","display":"Medical record number"}],"text":"Medical Record Number"},"system":"http://ns.electronichealth.net.au/id/hpio-scoped/medicalrecord/1.0/8003626566699734","value":"22421441","assigner":{"display":"Mount Mitchell Private Hospital"}}],"name":[{"family":"Wang","given":["Li"],"prefix":["Mr"]}],"gender":"male","birthDate":"1975-05-03","address":[{"use":"home","line":["29 Gadsby Street"],"city":"Blacktown","state":"NSW","postalCode":"2148","country":"AU"}],"communication":[{"language":{"coding":[{"system":"urn:ietf:bcp:47","code":"yue"}],"text":"Cantonese"},"preferred":true}]}