{"resourceType":"Patient","id":"ronny-irvine","meta":{"profile":["http://hl7.org.au/fhir/core/StructureDefinition/au-core-patient"]},"text":{"status":"generated","div":"<div xmlns=\"http://www.w3.org/1999/xhtml\"><p class=\"res-header-id\"><b>Generated Narrative: Patient ronny-irvine</b></p><a name=\"ronny-irvine\"> </a><a name=\"hcronny-irvine\"> </a><div style=\"display: inline-block; background-color: #d9e0e7; padding: 6px; margin: 4px; border: 1px solid #8da1b4; border-radius: 5px; line-height: 60%\"><p style=\"margin-bottom: 0px\"/><p style=\"margin-bottom: 0px\">Profile: <a href=\"StructureDefinition-au-core-patient.html\">AU Core Patient</a></p></div><p style=\"border: 1px #661aff solid; background-color: #e6e6ff; padding: 10px;\">Ronny Lawrence Irvine  Male, DoB:  ( DVA Number:\u00a0QX827261)</p><hr/><table class=\"grid\"><tr><td style=\"background-color: #f3f5da\" title=\"Ways to contact the Patient\">Contact Detail</td><td colspan=\"3\"><ul><li><a href=\"mailto:ronny.irvine@myownpersonaldomain.com\">ronny.irvine@myownpersonaldomain.com</a></li><li>180 Hermann Rd Belmore River NSW 2440 Australia (home)</li></ul></td></tr><tr><td style=\"background-color: #f3f5da\" title=\"This extension applies to the Patient, Person, and RelatedPerson resources and is used to indicate whether a person identifies as being of Aboriginal or Torres Strait Islander origin.\"><a href=\"https://build.fhir.org/ig/hl7au/au-fhir-base/StructureDefinition-indigenous-status.html\">Australian Indigenous Status</a></td><td colspan=\"3\">australian-indigenous-status-1: 2 (Torres Strait Islander but not Aboriginal origin)</td></tr></table></div>"},"extension":[{"url":"http://hl7.org.au/fhir/StructureDefinition/indigenous-status","valueCoding":{"system":"https://healthterminologies.gov.au/fhir/CodeSystem/australian-indigenous-status-1","code":"2","display":"Torres Strait Islander but not Aboriginal origin"}}],"identifier":[{"type":{"coding":[{"system":"http://terminology.hl7.org.au/CodeSystem/v2-0203","code":"DVAU","display":"DVA Number"}],"text":"DVA Number"},"system":"http://ns.electronichealth.net.au/id/dva","value":"QX827261"}],"name":[{"use":"usual","family":"Irvine","given":["Ronny","Lawrence"]}],"telecom":[{"system":"email","value":"ronny.irvine@myownpersonaldomain.com","use":"home"}],"gender":"male","_birthDate":{"extension":[{"url":"http://hl7.org/fhir/StructureDefinition/data-absent-reason","valueCode":"unknown"}]},"address":[{"use":"home","line":["180 Hermann Rd"],"city":"Belmore River","state":"NSW","postalCode":"2440","country":"Australia"}]}