{"resourceType":"Patient","id":"howe-deangelo","meta":{"profile":["http://hl7.org.au/fhir/core/StructureDefinition/au-core-patient"]},"text":{"status":"generated","div":"<div xmlns=\"http://www.w3.org/1999/xhtml\"><p class=\"res-header-id\"><b>Generated Narrative: Patient howe-deangelo</b></p><a name=\"howe-deangelo\"> </a><a name=\"hchowe-deangelo\"> </a><div style=\"display: inline-block; background-color: #d9e0e7; padding: 6px; margin: 4px; border: 1px solid #8da1b4; border-radius: 5px; line-height: 60%\"><p style=\"margin-bottom: 0px\"/><p style=\"margin-bottom: 0px\">Profile: <a href=\"StructureDefinition-au-core-patient.html\">AU Core Patient</a></p></div><p style=\"border: 1px #661aff solid; background-color: #e6e6ff; padding: 10px;\">Deangelo HOWE  Male, DoB: 1975-06-21 ( IHI:\u00a0Austalian Healthcare Identifier - Individual#8003608000311621)</p><hr/><table class=\"grid\"><tr><td style=\"background-color: #f3f5da\" title=\"Ways to contact the Patient\">Contact Detail</td><td colspan=\"3\"><ul><li>ph: 0770105770(Work)</li><li>ph: 0491570156(Mobile)</li><li><a href=\"mailto:deangelo.howe@example.net\">deangelo.howe@example.net</a></li><li>ph: 0770109269(Home)</li><li>134 Copper Hts Curra QLD 4570 AU </li></ul></td></tr><tr><td style=\"background-color: #f3f5da\" title=\"This extension applies to the Patient, Person, and RelatedPerson resources and is used to indicate whether a person identifies as being of Aboriginal or Torres Strait Islander origin.\"><a href=\"https://build.fhir.org/ig/hl7au/au-fhir-base/StructureDefinition-indigenous-status.html\">Australian Indigenous Status</a></td><td colspan=\"3\">australian-indigenous-status-1: 4 (Neither Aboriginal nor Torres Strait Islander origin)</td></tr></table></div>"},"extension":[{"url":"http://hl7.org.au/fhir/StructureDefinition/indigenous-status","valueCoding":{"system":"https://healthterminologies.gov.au/fhir/CodeSystem/australian-indigenous-status-1","code":"4","display":"Neither Aboriginal nor Torres Strait Islander origin"}}],"identifier":[{"extension":[{"url":"http://hl7.org.au/fhir/StructureDefinition/ihi-status","valueCoding":{"system":"https://healthterminologies.gov.au/fhir/CodeSystem/ihi-status-1","code":"active"}},{"url":"http://hl7.org.au/fhir/StructureDefinition/ihi-record-status","valueCoding":{"system":"https://healthterminologies.gov.au/fhir/CodeSystem/ihi-record-status-1","code":"verified","display":"verified"}}],"type":{"coding":[{"system":"http://terminology.hl7.org/CodeSystem/v2-0203","code":"NI"}],"text":"IHI"},"system":"http://ns.electronichealth.net.au/id/hi/ihi/1.0","value":"8003608000311621"}],"name":[{"use":"usual","family":"HOWE","given":["Deangelo"]}],"telecom":[{"system":"phone","value":"0770105770","use":"work"},{"system":"phone","value":"0491570156","use":"mobile"},{"system":"email","value":"deangelo.howe@example.net"},{"system":"phone","value":"0770109269","use":"home"}],"gender":"male","birthDate":"1975-06-21","address":[{"line":["134 Copper Hts"],"city":"Curra","state":"QLD","postalCode":"4570","country":"AU"}]}