{"resourceType":"Patient","id":"bennelong-anne","meta":{"profile":["http://hl7.org.au/fhir/core/StructureDefinition/au-core-patient"]},"text":{"status":"generated","div":"<div xmlns=\"http://www.w3.org/1999/xhtml\"><p class=\"res-header-id\"><b>Generated Narrative: Patient bennelong-anne</b></p><a name=\"bennelong-anne\"> </a><a name=\"hcbennelong-anne\"> </a><div style=\"display: inline-block; background-color: #d9e0e7; padding: 6px; margin: 4px; border: 1px solid #8da1b4; border-radius: 5px; line-height: 60%\"><p style=\"margin-bottom: 0px\"/><p style=\"margin-bottom: 0px\">Profile: <a href=\"StructureDefinition-au-core-patient.html\">AU Core Patient</a></p></div><p style=\"border: 1px #661aff solid; background-color: #e6e6ff; padding: 10px;\">Mrs. Anne Mary Bennelong(official) Female, DoB: 1968-10-11 ( Medical record number)</p><hr/><table class=\"grid\"><tr><td style=\"background-color: #f3f5da\" title=\"Ways to contact the Patient\">Contact Detail</td><td colspan=\"3\"><ul><li>ph: 0491 572 665(Mobile)</li><li>144 Otho Street Inverell NSW 2360 AU (home)</li></ul></td></tr><tr><td style=\"background-color: #f3f5da\" title=\"Language spoken\">Language:</td><td colspan=\"3\"><span title=\"Codes:{urn:ietf:bcp:47 yub}\">Yugambal</span></td></tr><tr><td style=\"background-color: #f3f5da\" title=\"This extension applies to the Patient, Person, and RelatedPerson resources and is used to indicate whether a person identifies as being of Aboriginal or Torres Strait Islander origin.\"><a href=\"https://build.fhir.org/ig/hl7au/au-fhir-base/StructureDefinition-indigenous-status.html\">Australian Indigenous Status</a></td><td colspan=\"3\">australian-indigenous-status-1: 1 (Aboriginal but not Torres Strait Islander origin)</td></tr></table></div>"},"extension":[{"url":"http://hl7.org.au/fhir/StructureDefinition/indigenous-status","valueCoding":{"system":"https://healthterminologies.gov.au/fhir/CodeSystem/australian-indigenous-status-1","code":"1","display":"Aboriginal but not Torres Strait Islander origin"}}],"identifier":[{"type":{"coding":[{"system":"http://terminology.hl7.org/CodeSystem/v2-0203","code":"MR"}]},"system":"http://mossypointmc.example.com/mrn/","value":"872038020","assigner":{"display":"Mossy Point Medical Centre"}}],"name":[{"use":"official","text":"Mrs. Anne Mary Bennelong","family":"Bennelong","given":["Anne"],"prefix":["Mrs"]}],"telecom":[{"system":"phone","value":"0491 572 665","use":"mobile"}],"gender":"female","birthDate":"1968-10-11","address":[{"use":"home","line":["144 Otho Street"],"city":"Inverell","state":"NSW","postalCode":"2360","country":"AU"}],"communication":[{"language":{"coding":[{"system":"urn:ietf:bcp:47","code":"yub"}],"text":"Yugambal"}}]}