{"resourceType":"PractitionerRole","id":"nephrologist-darleen-mackay","meta":{"profile":["http://hl7.org.au/fhir/core/StructureDefinition/au-core-practitionerrole"]},"text":{"status":"generated","div":"<div xmlns=\"http://www.w3.org/1999/xhtml\"><p class=\"res-header-id\"><b>Generated Narrative: PractitionerRole nephrologist-darleen-mackay</b></p><a name=\"nephrologist-darleen-mackay\"> </a><a name=\"hcnephrologist-darleen-mackay\"> </a><div style=\"display: inline-block; background-color: #d9e0e7; padding: 6px; margin: 4px; border: 1px solid #8da1b4; border-radius: 5px; line-height: 60%\"><p style=\"margin-bottom: 0px\"/><p style=\"margin-bottom: 0px\">Profile: <a href=\"StructureDefinition-au-core-practitionerrole.html\">AU Core PractitionerRole</a></p></div><p><b>identifier</b>: Employee number/N765009-mackay-darleen</p><p><b>practitioner</b>: <a href=\"Practitioner-darleen-mackay.html\">Practitioner MACKAY Darleen </a></p><p><b>code</b>: <span title=\"Codes:{http://snomed.info/sct 11911009}, {http://www.abs.gov.au/ausstats/abs@.nsf/mf/1220.0 253322}\">Nephrologist</span></p><p><b>telecom</b>: ph: (03) 7010 8625</p></div>"},"identifier":[{"type":{"coding":[{"system":"http://terminology.hl7.org/CodeSystem/v2-0203","code":"EI"}],"text":"Employee number"},"system":"http://nephrologyclinic.org.example.com/employee-id","value":"N765009-mackay-darleen","assigner":{"display":"Docker River Nephrology Clinic"}}],"practitioner":{"reference":"Practitioner/darleen-mackay"},"code":[{"coding":[{"system":"http://snomed.info/sct","code":"11911009","display":"Nephrologist"},{"system":"http://www.abs.gov.au/ausstats/abs@.nsf/mf/1220.0","code":"253322","display":"Renal Medicine Specialist"}],"text":"Nephrologist"}],"telecom":[{"system":"phone","value":"(03) 7010 8625"}]}