{"resourceType":"PractitionerRole","id":"bobrester-bob-gp","meta":{"profile":["http://hl7.org.au/fhir/core/StructureDefinition/au-core-practitionerrole"]},"text":{"status":"generated","div":"<div xmlns=\"http://www.w3.org/1999/xhtml\"><p class=\"res-header-id\"><b>Generated Narrative: PractitionerRole bobrester-bob-gp</b></p><a name=\"bobrester-bob-gp\"> </a><a name=\"hcbobrester-bob-gp\"> </a><div style=\"display: inline-block; background-color: #d9e0e7; padding: 6px; margin: 4px; border: 1px solid #8da1b4; border-radius: 5px; line-height: 60%\"><p style=\"margin-bottom: 0px\"/><p style=\"margin-bottom: 0px\">Profile: <a href=\"StructureDefinition-au-core-practitionerrole.html\">AU Core PractitionerRole</a></p></div><p><b>identifier</b>: Employee Number/12345678</p><p><b>practitioner</b>: <a href=\"Practitioner-bobrester-bob.html\">Practitioner Bob Bobrester </a></p><p><b>organization</b>: <a href=\"Organization-bobrester-medical-center.html\">Organization Bobrester Medical Center</a></p><p><b>code</b>: <span title=\"Codes:{http://snomed.info/sct 62247001}, {http://www.abs.gov.au/ausstats/abs@.nsf/mf/1220.0 253111}\">General Practitioner</span></p><p><b>telecom</b>: ph: 0491579760, <a href=\"mailto:drbob@bobrestermedical.example.com\">drbob@bobrestermedical.example.com</a></p></div>"},"identifier":[{"type":{"coding":[{"system":"http://terminology.hl7.org/CodeSystem/v2-0203","code":"EI","display":"Employee number"}],"text":"Employee Number"},"system":"http://ns.electronichealth.net.au/id/abn-scoped/service-provider-individual/1.0/12345678901","value":"12345678","assigner":{"display":"Bobrester Medical Center"}}],"practitioner":{"reference":"Practitioner/bobrester-bob"},"organization":{"reference":"Organization/bobrester-medical-center"},"code":[{"coding":[{"system":"http://snomed.info/sct","code":"62247001"},{"system":"http://www.abs.gov.au/ausstats/abs@.nsf/mf/1220.0","code":"253111"}],"text":"General Practitioner"}],"telecom":[{"system":"phone","value":"0491579760"},{"system":"email","value":"drbob@bobrestermedical.example.com"}]}