{"resourceType":"PractitionerRole","id":"cardiologist-sallie-sutherland","meta":{"profile":["http://hl7.org.au/fhir/core/StructureDefinition/au-core-practitionerrole"]},"text":{"status":"generated","div":"<div xmlns=\"http://www.w3.org/1999/xhtml\"><p class=\"res-header-id\"><b>Generated Narrative: PractitionerRole cardiologist-sallie-sutherland</b></p><a name=\"cardiologist-sallie-sutherland\"> </a><a name=\"hccardiologist-sallie-sutherland\"> </a><div style=\"display: inline-block; background-color: #d9e0e7; padding: 6px; margin: 4px; border: 1px solid #8da1b4; border-radius: 5px; line-height: 60%\"><p style=\"margin-bottom: 0px\"/><p style=\"margin-bottom: 0px\">Profile: <a href=\"StructureDefinition-au-core-practitionerrole.html\">AU Core PractitionerRole</a></p></div><p><b>identifier</b>: Medicare Provider Number/2449001X</p><p><b>practitioner</b>: <a href=\"Practitioner-sallie-sutherland.html\">Practitioner Sallie Sutherland (official)</a></p><p><b>organization</b>: <a href=\"Organization-murrabit-hospital.html\">Organization Murrabit Public Hospital</a></p><p><b>code</b>: <span title=\"Codes:{http://snomed.info/sct 17561000}\">Cardiologist</span></p><p><b>location</b>: <a href=\"Location-murrabit-hospital.html\">Location Murrabit Public Hospital</a></p><p><b>telecom</b>: ph: 0370102880, <a href=\"mailto:sallie.sutherland@murrabitph.example.com.au\">sallie.sutherland@murrabitph.example.com.au</a></p></div>"},"identifier":[{"type":{"coding":[{"system":"http://terminology.hl7.org.au/CodeSystem/v2-0203","code":"UPIN"}],"text":"Medicare Provider Number"},"system":"http://ns.electronichealth.net.au/id/medicare-provider-number","value":"2449001X"}],"practitioner":{"reference":"Practitioner/sallie-sutherland"},"organization":{"reference":"Organization/murrabit-hospital"},"code":[{"coding":[{"system":"http://snomed.info/sct","code":"17561000","display":"Cardiologist"}],"text":"Cardiologist"}],"location":[{"reference":"Location/murrabit-hospital"}],"telecom":[{"system":"phone","value":"0370102880"},{"system":"email","value":"sallie.sutherland@murrabitph.example.com.au","use":"work"}]}