{"resourceType":"Practitioner","id":"bobrester-bob","meta":{"profile":["http://hl7.org.au/fhir/core/StructureDefinition/au-core-practitioner"]},"text":{"status":"generated","div":"<div xmlns=\"http://www.w3.org/1999/xhtml\"><p class=\"res-header-id\"><b>Generated Narrative: Practitioner bobrester-bob</b></p><a name=\"bobrester-bob\"> </a><a name=\"hcbobrester-bob\"> </a><div style=\"display: inline-block; background-color: #d9e0e7; padding: 6px; margin: 4px; border: 1px solid #8da1b4; border-radius: 5px; line-height: 60%\"><p style=\"margin-bottom: 0px\"/><p style=\"margin-bottom: 0px\">Profile: <a href=\"StructureDefinition-au-core-practitioner.html\">AU Core Practitioner</a></p></div><p><b>name</b>: Bob Bobrester </p></div>"},"name":[{"family":"Bobrester","given":["Bob"],"prefix":["Dr."]}]}