{"resourceType":"PractitionerRole","id":"surgeon-chau-fryer","meta":{"profile":["http://hl7.org.au/fhir/core/StructureDefinition/au-core-practitionerrole"]},"text":{"status":"generated","div":"<div xmlns=\"http://www.w3.org/1999/xhtml\"><p class=\"res-header-id\"><b>Generated Narrative: PractitionerRole surgeon-chau-fryer</b></p><a name=\"surgeon-chau-fryer\"> </a><a name=\"hcsurgeon-chau-fryer\"> </a><div style=\"display: inline-block; background-color: #d9e0e7; padding: 6px; margin: 4px; border: 1px solid #8da1b4; border-radius: 5px; line-height: 60%\"><p style=\"margin-bottom: 0px\"/><p style=\"margin-bottom: 0px\">Profile: <a href=\"StructureDefinition-au-core-practitionerrole.html\">AU Core PractitionerRole</a></p></div><p><b>identifier</b>: Medicare Provider Number/2449211J</p><p><b>practitioner</b>: <a href=\"Practitioner-chau-fryer.html\">Practitioner Chau Fryer (official)</a></p><p><b>organization</b>: <a href=\"Organization-murrabit-hospital.html\">Organization Murrabit Public Hospital</a></p><p><b>code</b>: <span title=\"Codes:{http://snomed.info/sct 304292004}, {http://www.abs.gov.au/ausstats/abs@.nsf/mf/1220.0 253511}\">Surgeon</span></p><p><b>location</b>: <a href=\"Location-murrabit-hospital.html\">Location Murrabit Public Hospital</a></p><p><b>telecom</b>: ph: (03) 7010 8625, <a href=\"mailto:chau.fryer@murrabitph.example.com.au\">chau.fryer@murrabitph.example.com.au</a></p></div>"},"identifier":[{"type":{"coding":[{"system":"http://terminology.hl7.org.au/CodeSystem/v2-0203","code":"UPIN"}],"text":"Medicare Provider Number"},"system":"http://ns.electronichealth.net.au/id/medicare-provider-number","value":"2449211J"}],"practitioner":{"reference":"Practitioner/chau-fryer"},"organization":{"reference":"Organization/murrabit-hospital"},"code":[{"coding":[{"system":"http://snomed.info/sct","code":"304292004"},{"system":"http://www.abs.gov.au/ausstats/abs@.nsf/mf/1220.0","code":"253511","display":"Surgeon (General)"}],"text":"Surgeon"}],"location":[{"reference":"Location/murrabit-hospital"}],"telecom":[{"system":"phone","value":"(03) 7010 8625"},{"system":"email","value":"chau.fryer@murrabitph.example.com.au","use":"work"}]}