{"resourceType":"Practitioner","id":"darleen-mackay","meta":{"profile":["http://hl7.org.au/fhir/core/StructureDefinition/au-core-practitioner"]},"text":{"status":"generated","div":"<div xmlns=\"http://www.w3.org/1999/xhtml\"><p class=\"res-header-id\"><b>Generated Narrative: Practitioner darleen-mackay</b></p><a name=\"darleen-mackay\"> </a><a name=\"hcdarleen-mackay\"> </a><div style=\"display: inline-block; background-color: #d9e0e7; padding: 6px; margin: 4px; border: 1px solid #8da1b4; border-radius: 5px; line-height: 60%\"><p style=\"margin-bottom: 0px\"/><p style=\"margin-bottom: 0px\">Profile: <a href=\"StructureDefinition-au-core-practitioner.html\">AU Core Practitioner</a></p></div><p><b>identifier</b>: HPI-I/8003613233385129</p><p><b>name</b>: MACKAY Darleen </p></div>"},"identifier":[{"type":{"coding":[{"system":"http://terminology.hl7.org/CodeSystem/v2-0203","code":"NPI","display":"National provider identifier"}],"text":"HPI-I"},"system":"http://ns.electronichealth.net.au/id/hi/hpii/1.0","value":"8003613233385129"}],"name":[{"family":"Darleen","given":["MACKAY"]}]}