{"resourceType":"Procedure","id":"dialysis","meta":{"profile":["http://hl7.org.au/fhir/core/StructureDefinition/au-core-procedure"]},"text":{"status":"generated","div":"<div xmlns=\"http://www.w3.org/1999/xhtml\"><p class=\"res-header-id\"><b>Generated Narrative: Procedure dialysis</b></p><a name=\"dialysis\"> </a><a name=\"hcdialysis\"> </a><div style=\"display: inline-block; background-color: #d9e0e7; padding: 6px; margin: 4px; border: 1px solid #8da1b4; border-radius: 5px; line-height: 60%\"><p style=\"margin-bottom: 0px\"/><p style=\"margin-bottom: 0px\">Profile: <a href=\"StructureDefinition-au-core-procedure.html\">AU Core Procedure</a></p></div><p><b>status</b>: Completed</p><p><b>code</b>: <span title=\"Codes:{http://snomed.info/sct 302497006}\">Haemodialysis</span></p><p><b>subject</b>: <a href=\"Patient-ronny-irvine.html\">Ronny Lawrence Irvine  Male, DoB:  ( DVA Number:\u00a0QX827261)</a></p><p><b>performed</b>: 2012-08-05</p><h3>Performers</h3><table class=\"grid\"><tr><td style=\"display: none\">-</td><td><b>Actor</b></td></tr><tr><td style=\"display: none\">*</td><td><a href=\"PractitionerRole-nephrologist-darleen-mackay.html\">PractitionerRole Nephrologist</a></td></tr></table><p><b>reasonReference</b>: <a href=\"Condition-ckd.html\">Chronic Kidney Disease</a></p></div>"},"status":"completed","code":{"coding":[{"system":"http://snomed.info/sct","code":"302497006","display":"Haemodialysis"}],"text":"Haemodialysis"},"subject":{"reference":"Patient/ronny-irvine"},"performedDateTime":"2012-08-05","performer":[{"actor":{"reference":"PractitionerRole/nephrologist-darleen-mackay"}}],"reasonReference":[{"reference":"Condition/ckd","display":"Chronic Kidney Disease"}]}