{"resourceType":"RelatedPerson","id":"banks-mia-leanne-father","meta":{"profile":["http://hl7.org.au/fhir/core/StructureDefinition/au-core-relatedperson"]},"text":{"status":"generated","div":"<div xmlns=\"http://www.w3.org/1999/xhtml\"><p class=\"res-header-id\"><b>Generated Narrative: RelatedPerson banks-mia-leanne-father</b></p><a name=\"banks-mia-leanne-father\"> </a><a name=\"hcbanks-mia-leanne-father\"> </a><div style=\"display: inline-block; background-color: #d9e0e7; padding: 6px; margin: 4px; border: 1px solid #8da1b4; border-radius: 5px; line-height: 60%\"><p style=\"margin-bottom: 0px\"/><p style=\"margin-bottom: 0px\">Profile: <a href=\"StructureDefinition-au-core-relatedperson.html\">AU Core RelatedPerson</a></p></div><p><b>patient</b>: <a href=\"Patient-banks-mia-leanne.html\">Mia Leanne Banks  Female, DoB: 1983-08-25 ( IHI:\u00a0Austalian Healthcare Identifier - Individual#8003608333647261)</a></p><p><b>relationship</b>: <span title=\"Codes:{http://terminology.hl7.org/CodeSystem/v3-RoleCode FTH}\">Father</span></p><p><b>name</b>: Bob Banks </p></div>"},"patient":{"reference":"Patient/banks-mia-leanne"},"relationship":[{"coding":[{"system":"http://terminology.hl7.org/CodeSystem/v3-RoleCode","code":"FTH"}],"text":"Father"}],"name":[{"family":"Banks","given":["Bob"]}]}