{"resourceType":"RelatedPerson","id":"wang-li-friend","meta":{"profile":["http://hl7.org.au/fhir/core/StructureDefinition/au-core-relatedperson"]},"text":{"status":"generated","div":"<div xmlns=\"http://www.w3.org/1999/xhtml\"><p class=\"res-header-id\"><b>Generated Narrative: RelatedPerson wang-li-friend</b></p><a name=\"wang-li-friend\"> </a><a name=\"hcwang-li-friend\"> </a><div style=\"display: inline-block; background-color: #d9e0e7; padding: 6px; margin: 4px; border: 1px solid #8da1b4; border-radius: 5px; line-height: 60%\"><p style=\"margin-bottom: 0px\"/><p style=\"margin-bottom: 0px\">Profile: <a href=\"StructureDefinition-au-core-relatedperson.html\">AU Core RelatedPerson</a></p></div><p><b>patient</b>: <a href=\"Patient-wang-li.html\">Li Wang  Male, DoB: 1975-05-03 ( Medical Record Number:\u00a022421441)</a></p><p><b>relationship</b>: <span title=\"Codes:{http://terminology.hl7.org/CodeSystem/v3-RoleCode FRND}, {http://terminology.hl7.org/CodeSystem/v2-0131 C}\">unrelated friend</span></p><p><b>name</b>: Peter Rabbit Rabbit </p><p><b>telecom</b>: ph: 07 853 9191(Home)</p><p><b>address</b>: 29 Gadsby Street Blacktown NSW 2148 AU (home)</p></div>"},"patient":{"reference":"Patient/wang-li"},"relationship":[{"coding":[{"system":"http://terminology.hl7.org/CodeSystem/v3-RoleCode","code":"FRND","display":"unrelated friend"},{"system":"http://terminology.hl7.org/CodeSystem/v2-0131","code":"C","display":"Emergency Contact"}]}],"name":[{"use":"usual","family":"Rabbit","given":["Peter","Rabbit"]}],"telecom":[{"system":"phone","value":"07 853 9191","use":"home"}],"address":[{"use":"home","line":["29 Gadsby Street"],"city":"Blacktown","state":"NSW","postalCode":"2148","country":"AU"}]}